catLo;catHi;have3Gy;Diagnosis;Endpoint;Diag_Child;d_0;d_k;RR;RR_CIlo;RR_CIup;CIwidth;Year;Author;ERR_lin;ERR_lin_CIlo;ERR_lin_CIup;ERR_linexp;ERR_linexp_CIlo;ERR_linexp_CIup;ERR_exp_gamma;ERR_exp_gamma_CIlo;ERR_exp_gamma_CIup;ERR_exp_gamma_SE;ERR_lin_SE;ERR_linexp_SE;RRtype;Source;Note
;;yes;ChildSolid;Leukemia;yes;;;;;;;2010;Allard;-0,0124;;;0,8438;;;-0,2606;;;0,1387;0,0276;1,0994;OR;p1479 tab5;
0;10;yes;ChildSolid;Leukemia;yes;0;;1,6;0,8;3;0,95;2015;Allodji;;;;;;;;;;;;;OR;p663 fig2b;
10;16;yes;ChildSolid;Leukemia;yes;0;;1,6;0,7;2,7;0,95;2015;Allodji;;;;;;;;;;;;;OR;p663 fig2b;
16;Inf;yes;ChildSolid;Leukemia;yes;0;;1,9;1;3,7;0,95;2015;Allodji;;;;;;;;;;;;;OR;p663 fig2b;
20;40;yes;Hodgkin;Breast;yes;10;;5,9;1,2;30,3;0,95;1996;Bhatia;;;;;;;;;;;;;HR;p749;
40;Inf;yes;Hodgkin;Breast;yes;10;;23,7;3,7;152,3;0,95;1996;Bhatia;;;;;;;;;;;;;HR;p749;
0;5;yes;ChildCancer;Thyroid;yes;0;0,8;1,2;0,6;2,5;0,95;2010;Bhatti;0,404;;;2,42;;;-0,0655;;;;;;RR;p20 tab4;
5;10;yes;ChildCancer;Thyroid;yes;0;7,4;8,5;3,2;22,6;0,95;2010;Bhatti;0,404;;;2,42;;;-0,0655;;;;;;RR;p20 tab4;
10;15;yes;ChildCancer;Thyroid;yes;0;12,3;10,6;4,5;24,9;0,95;2010;Bhatti;0,404;;;2,42;;;-0,0655;;;;;;RR;p20 tab4;
15;20;yes;ChildCancer;Thyroid;yes;0;17,4;13,8;6,3;30,3;0,95;2010;Bhatti;0,404;;;2,42;;;-0,0655;;;;;;RR;p20 tab4;
20;25;yes;ChildCancer;Thyroid;yes;0;22;14,6;6,8;31,5;0,95;2010;Bhatti;0,404;;;2,42;;;-0,0655;;;;;;RR;p20 tab4;
25;30;yes;ChildCancer;Thyroid;yes;0;27,3;9,3;3,9;21,9;0,95;2010;Bhatti;0,404;;;2,42;;;-0,0655;;;;;;RR;p20 tab4;
30;35;yes;ChildCancer;Thyroid;yes;0;32,4;8,9;3,6;21,7;0,95;2010;Bhatti;0,404;;;2,42;;;-0,0655;;;;;;RR;p20 tab4;
35;40;yes;ChildCancer;Thyroid;yes;0;37,5;3,6;1,3;10,2;0,95;2010;Bhatti;0,404;;;2,42;;;-0,0655;;;;;;RR;p20 tab4;
40;Inf;yes;ChildCancer;Thyroid;yes;0;45,6;2,8;1,1;7,1;0,95;2010;Bhatti;0,404;;;2,42;;;-0,0655;;;;;;RR;p20 tab4;
0;2,5;yes;Cervix;Leukemia;no;0;1,9;1,37;0,5;3,5;0,9;1991;Blettner;0,03;;;0,88;;;-0,079;;;0,034;0,045;0,69;OR;p1519 tab2, tab3;
2,5;5;yes;Cervix;Leukemia;no;0;3,6;2,53;1,1;6;0,9;1991;Blettner;0,03;;;0,88;;;-0,079;;;0,034;0,045;0,69;OR;p1519 tab2, tab3;
5;7,5;yes;Cervix;Leukemia;no;0;6,3;2,11;0,9;4,8;0,9;1991;Blettner;0,03;;;0,88;;;-0,079;;;0,034;0,045;0,69;OR;p1519 tab2, tab3;
7,5;10;yes;Cervix;Leukemia;no;0;8,6;1,97;0,9;4,3;0,9;1991;Blettner;0,03;;;0,88;;;-0,079;;;0,034;0,045;0,69;OR;p1519 tab2, tab3;
10;Inf;yes;Cervix;Leukemia;no;0;12,6;1,59;0,7;4;0,9;1991;Blettner;0,03;;;0,88;;;-0,079;;;0,034;0,045;0,69;OR;p1519 tab2, tab3;
0;10;yes;Cervix;SmallIntestine;no;0;;1,21;0,2;7;0,9;1988;Boice;;;;;;;;;;;;;OR;p35 tab1;
10;Inf;yes;Cervix;SmallIntestine;no;0;;1,21;0,2;5,7;0,9;1988;Boice;;;;;;;;;;;;;OR;p35 tab1;
0;5;yes;Cervix;Colon;no;0;3;0,67;0,3;1,3;0,9;1988;Boice;0;-0,01;0,02;;;;;;;;;;OR;P22 tab6, p36 tab2;
5;10;yes;Cervix;Colon;no;0;6,8;0,88;0,4;1,8;0,9;1988;Boice;0;-0,01;0,02;;;;;;;;;;OR;P22 tab6, p36 tab2;
10;20;yes;Cervix;Colon;no;0;15;1,04;0,6;1,9;0,9;1988;Boice;0;-0,01;0,02;;;;;;;;;;OR;P22 tab6, p36 tab2;
20;30;yes;Cervix;Colon;no;0;25;0,96;0,5;1,7;0,9;1988;Boice;0;-0,01;0,02;;;;;;;;;;OR;P22 tab6, p36 tab2;
30;40;yes;Cervix;Colon;no;0;34;0,69;0,4;1,3;0,9;1988;Boice;0;-0,01;0,02;;;;;;;;;;OR;P22 tab6, p36 tab2;
40;Inf;yes;Cervix;Colon;no;0;51;0,8;0,4;1,6;0,9;1988;Boice;0;-0,01;0,02;;;;;;;;;;OR;P22 tab6, p36 tab2;
0;30;yes;Cervix;Rectum;no;0;;1,53;0,9;2,5;0,9;1988;Boice;0,02;0;0,04;;;;;;;;;;OR;P22 tab6, p37 tab3;
30;60;yes;Cervix;Rectum;no;0;;2,09;1,3;3,3;0,9;1988;Boice;0,02;0;0,04;;;;;;;;;;OR;P22 tab6, p37 tab3;
60;Inf;yes;Cervix;Rectum;no;0;;1,9;1;3,6;0,9;1988;Boice;0,02;0;0,04;;;;;;;;;;OR;P22 tab6, p37 tab3;
0;20;yes;Cervix;FemGenitalAll;no;0;12;1,24;0,7;2,3;0,9;1988;Boice;0,01;0;0,02;;;;;;;;;;OR;P22 tab6, p38 tab4;
20;40;yes;Cervix;FemGenitalAll;no;0;30;1,93;1,1;3,5;0,9;1988;Boice;0,01;0;0,02;;;;;;;;;;OR;P22 tab6, p38 tab4;
40;60;yes;Cervix;FemGenitalAll;no;0;49;1,93;1;3,7;0,9;1988;Boice;0,01;0;0,02;;;;;;;;;;OR;P22 tab6, p38 tab4;
60;80;yes;Cervix;FemGenitalAll;no;0;68;1,53;0,8;3,1;0,9;1988;Boice;0,01;0;0,02;;;;;;;;;;OR;P22 tab6, p38 tab4;
80;100;yes;Cervix;FemGenitalAll;no;0;90;2,27;1;5;0,9;1988;Boice;0,01;0;0,02;;;;;;;;;;OR;P22 tab6, p38 tab4;
100;120;yes;Cervix;FemGenitalAll;no;0;109;2,5;1;6,2;0,9;1988;Boice;0,01;0;0,02;;;;;;;;;;OR;P22 tab6, p38 tab4;
120;140;yes;Cervix;FemGenitalAll;no;0;130;4,63;1,7;13;0,9;1988;Boice;0,01;0;0,02;;;;;;;;;;OR;P22 tab6, p38 tab4;
140;Inf;yes;Cervix;FemGenitalAll;no;0;176;5,02;2;13;0,9;1988;Boice;0,01;0;0,02;;;;;;;;;;OR;P22 tab6, p38 tab4;
100;150;yes;Cervix;UterusCorpus;no;72;130;2,15;1;4,7;0,9;1988;Boice;;;;;;;;;;;;;OR;p39 tab5;
150;200;yes;Cervix;UterusCorpus;no;72;170;2,21;1;4,9;0,9;1988;Boice;;;;;;;;;;;;;OR;p39 tab5;
200;Inf;yes;Cervix;UterusCorpus;no;72;222;2,15;0,8;5,8;0,9;1988;Boice;;;;;;;;;;;;;OR;p39 tab5;
0;10;yes;Cervix;Ovary;no;0;7,5;0,31;0,1;0,9;0,9;1988;Boice;0,01;-0,02;0,14;;;;;;;;;;OR;P22 tab6, p40 tab6;
10;20;yes;Cervix;Ovary;no;0;15;0,47;0,2;1,2;0,9;1988;Boice;0,01;-0,02;0,14;;;;;;;;;;OR;P22 tab6, p40 tab6;
20;30;yes;Cervix;Ovary;no;0;26;0,85;0,3;2,2;0,9;1988;Boice;0,01;-0,02;0,14;;;;;;;;;;OR;P22 tab6, p40 tab6;
30;40;yes;Cervix;Ovary;no;0;35;0,58;0,2;1,4;0,9;1988;Boice;0,01;-0,02;0,14;;;;;;;;;;OR;P22 tab6, p40 tab6;
40;Inf;yes;Cervix;Ovary;no;0;50;0,62;0,3;1,5;0,9;1988;Boice;0,01;-0,02;0,14;;;;;;;;;;OR;P22 tab6, p40 tab6;
0;10;yes;Cervix;FemGenitalOth;no;0;7,2;2,13;0,9;4,8;0,9;1988;Boice;-0,02;-0,05;0,07;;;;;;;;;;OR;P22 tab6, p41 tab7;
10;30;yes;Cervix;FemGenitalOth;no;0;15;1,97;0,9;4,1;0,9;1988;Boice;-0,02;-0,05;0,07;;;;;;;;;;OR;P22 tab6, p41 tab7;
30;50;yes;Cervix;FemGenitalOth;no;0;41;0,99;0,4;2,2;0,9;1988;Boice;-0,02;-0,05;0,07;;;;;;;;;;OR;P22 tab6, p41 tab7;
50;70;yes;Cervix;FemGenitalOth;no;0;61;1,15;0,5;2,5;0,9;1988;Boice;-0,02;-0,05;0,07;;;;;;;;;;OR;P22 tab6, p41 tab7;
70;90;yes;Cervix;FemGenitalOth;no;0;79;1,47;0,7;3,3;0,9;1988;Boice;-0,02;-0,05;0,07;;;;;;;;;;OR;P22 tab6, p41 tab7;
90;Inf;yes;Cervix;FemGenitalOth;no;0;100;2,64;1,1;6,5;0,9;1988;Boice;-0,02;-0,05;0,07;;;;;;;;;;OR;P22 tab6, p41 tab7;
0;50;yes;Cervix;Vaginal;no;0;34;3,05;1,2;7,9;0,9;1988;Boice;0,03;0;0,08;;;;;;;;;;OR;P22 tab6, p42 tab8;
50;70;yes;Cervix;Vaginal;no;0;61;2,42;0,9;6,2;0,9;1988;Boice;0,03;0;0,08;;;;;;;;;;OR;P22 tab6, p42 tab8;
70;90;yes;Cervix;Vaginal;no;0;79;2,88;1,1;7,6;0,9;1988;Boice;0,03;0;0,08;;;;;;;;;;OR;P22 tab6, p42 tab8;
90;Inf;yes;Cervix;Vaginal;no;0;100;5,37;1,8;15,7;0,9;1988;Boice;0,03;0;0,08;;;;;;;;;;OR;P22 tab6, p42 tab8;
0;30;yes;Cervix;Bladder;no;0;;2,13;1;4,8;0,9;1988;Boice;0,07;0,02;0,17;;;;;;;;;;OR;P22 tab6, p43 tab9;
30;60;yes;Cervix;Bladder;no;0;;5,65;2,6;12;0,9;1988;Boice;0,07;0,02;0,17;;;;;;;;;;OR;P22 tab6, p43 tab9;
60;Inf;yes;Cervix;Bladder;no;0;;7,14;2,8;18;0,9;1988;Boice;0,07;0,02;0,17;;;;;;;;;;OR;P22 tab6, p43 tab9;
0;10;yes;Cervix;Bone;no;0,3;3;0,87;0,2;4,6;0,9;1988;Boice;;;;;;;;;;;;;OR;p44 tab10;
10;Inf;yes;Cervix;Bone;no;0,3;31;3,07;0,4;24,9;0,9;1988;Boice;;;;;;;;;;;;;OR;p44 tab10;
0;1;yes;Cervix;ConnectTissue;no;0;0,6;0,36;0,1;1,4;0,9;1988;Boice;-0,05;-0,11;0,13;;;;;;;;;;OR;P22 tab6, p44 tab11;
1;10;yes;Cervix;ConnectTissue;no;0;3,8;0,73;0,2;3;0,9;1988;Boice;-0,05;-0,11;0,13;;;;;;;;;;OR;P22 tab6, p44 tab11;
10;Inf;yes;Cervix;ConnectTissue;no;0;22;1,2;0,2;6,7;0,9;1988;Boice;-0,05;-0,11;0,13;;;;;;;;;;OR;P22 tab6, p44 tab11;
0;1;yes;Cervix;Stomach;no;0;0,8;1,7;0,8;3,6;0,9;1988;Boice;0,69;0,01;2,25;;;;;;;;;;OR;P22 tab6, p45 tab12;
1;2;yes;Cervix;Stomach;no;0;1,5;2,09;1;4,1;0,9;1988;Boice;0,69;0,01;2,25;;;;;;;;;;OR;P22 tab6, p45 tab12;
2;3;yes;Cervix;Stomach;no;0;2,4;1,74;0,9;3,4;0,9;1988;Boice;0,69;0,01;2,25;;;;;;;;;;OR;P22 tab6, p45 tab12;
3;Inf;yes;Cervix;Stomach;no;0;3,7;2,08;1;4,5;0,9;1988;Boice;0,69;0,01;2,25;;;;;;;;;;OR;P22 tab6, p45 tab12;
0;1;yes;Cervix;Pancreas;no;0;0,7;1,46;0,7;3,1;0,9;1988;Boice;0;-0,28;0,62;;;;;;;;;;OR;P22 tab6, p46 tab13;
1;2;yes;Cervix;Pancreas;no;0;1,5;1,55;0,8;3,1;0,9;1988;Boice;0;-0,28;0,62;;;;;;;;;;OR;P22 tab6, p46 tab13;
2;3;yes;Cervix;Pancreas;no;0;2,4;1,48;0,7;2,9;0,9;1988;Boice;0;-0,28;0,62;;;;;;;;;;OR;P22 tab6, p46 tab13;
3;Inf;yes;Cervix;Pancreas;no;0;3,4;1,23;0,6;2,7;0,9;1988;Boice;0;-0,28;0,62;;;;;;;;;;OR;P22 tab6, p46 tab13;
0;1;yes;Cervix;Kidney;no;0;0,8;0,78;0,3;1,9;0,9;1988;Boice;0,71;0,03;2,24;;;;;;;;;;OR;P22 tab6, p47 tab14;
1;2;yes;Cervix;Kidney;no;0;1,5;1,34;0,7;2,7;0,9;1988;Boice;0,71;0,03;2,24;;;;;;;;;;OR;P22 tab6, p47 tab14;
2;3;yes;Cervix;Kidney;no;0;2,4;1,1;0,5;2,1;0,9;1988;Boice;0,71;0,03;2,24;;;;;;;;;;OR;P22 tab6, p47 tab14;
3;Inf;yes;Cervix;Kidney;no;0;3,4;0,99;0,4;2,2;0,9;1988;Boice;0,71;0,03;2,24;;;;;;;;;;OR;P22 tab6, p47 tab14;
0;0,25;no;Cervix;Breast;no;0;0,17;0,84;0,6;1,1;0,9;1988;Boice;0,03;-0,87;1,29;;;;;;;;;;OR;P22 tab6, p48 tab15;
0,25;0,5;no;Cervix;Breast;no;0;0,33;0,84;0,6;1,1;0,9;1988;Boice;0,03;-0,87;1,29;;;;;;;;;;OR;P22 tab6, p48 tab15;
0,5;Inf;no;Cervix;Breast;no;0;0,58;0,97;0,7;1,4;0,9;1988;Boice;0,03;-0,87;1,29;;;;;;;;;;OR;P22 tab6, p48 tab15;
0,05;0,1;no;Cervix;Thyroid;no;0,03;0,07;1,86;0,5;7,3;0,9;1988;Boice;12,3;;76;;;;;;;;;;OR;P22 tab6, p49 tab16;
0,1;0,15;no;Cervix;Thyroid;no;0,03;0,13;2,39;0,5;11;0,9;1988;Boice;12,3;;76;;;;;;;;;;OR;P22 tab6, p49 tab16;
0,15;Inf;no;Cervix;Thyroid;no;0,03;0,18;3,42;0,7;18;0,9;1988;Boice;12,3;;76;;;;;;;;;;OR;P22 tab6, p49 tab16;
2;4;yes;Cervix;LymphomNonH;no;0,6;2,9;2,39;0,6;8,1;0,9;1988;Boice;;;;;;;;;;;;;OR;p51 tab18;
4;6;yes;Cervix;LymphomNonH;no;0,6;5;2,39;0,3;5;0,9;1988;Boice;;;;;;;;;;;;;OR;p51 tab18;
6;8;yes;Cervix;LymphomNonH;no;0,6;6,9;2,92;0,5;6,1;0,9;1988;Boice;;;;;;;;;;;;;OR;p51 tab18;
8;10;yes;Cervix;LymphomNonH;no;0,6;8,8;3;0,4;6;0,9;1988;Boice;;;;;;;;;;;;;OR;p51 tab18;
10;Inf;yes;Cervix;LymphomNonH;no;0,6;12,1;2,81;0,5;7,6;0,9;1988;Boice;;;;;;;;;;;;;OR;p51 tab18;
2;5;yes;Cervix;MultMyeloma;no;0,4;3,4;0,31;0;2,6;0,9;1988;Boice;;;;;;;;;;;;;OR;p52 tab19;
5;10;yes;Cervix;MultMyeloma;no;0,4;7,1;0,18;0;1,4;0,9;1988;Boice;;;;;;;;;;;;;OR;p52 tab19;
10;Inf;yes;Cervix;MultMyeloma;no;0,4;12,1;0,6;0,1;5,2;0,9;1988;Boice;;;;;;;;;;;;;OR;p52 tab19;
0;1;yes;Tuberculosis;Breast;no;0;0,31;1,21;1,05;1,43;0,95;1991;Boice;0,708;0,4;1,08;;;;;;;;;;RR;p216, p217 tab3;
1;2;yes;Tuberculosis;Breast;no;0;1,36;1,66;1,29;2,21;0,95;1991;Boice;0,708;0,4;1,08;;;;;;;;;;RR;p216, p217 tab3;
2;3;yes;Tuberculosis;Breast;no;0;2,43;2,22;1,71;3,36;0,95;1991;Boice;0,708;0,4;1,08;;;;;;;;;;RR;p216, p217 tab3;
3;Inf;yes;Tuberculosis;Breast;no;0;3,75;3,83;2,28;5,27;0,95;1991;Boice;0,708;0,4;1,08;;;;;;;;;;RR;p216, p217 tab3;
0;2;yes;Breast;Breast;no;0;1,11;1,02;;;;1992;Boice;0,07;;;;;;;;;;;;OR;p784 tab4;
2;4;yes;Breast;Breast;no;0;2,82;1,07;;;;1992;Boice;0,07;;;;;;;;;;;;OR;p784 tab4;
4;Inf;yes;Breast;Breast;no;0;5,04;1,35;;;;1992;Boice;0,07;;;;;;;;;;;;OR;p784 tab4;
0;11;yes;PepticUlcer;Stomach;no;0;;2,79;1,04;7,53;0,95;2002;Carr;0,2;0;0,73;;;;;;;;;;HR;p673 tab4;ERR for 1-10Gy
11;14;yes;PepticUlcer;Stomach;no;0;;2,07;0,85;5,01;0,95;2002;Carr;0,2;0;0,73;;;;;;;;;;HR;p673 tab4;ERR for 1-10Gy
14;17;yes;PepticUlcer;Stomach;no;0;;1,35;0,33;5,53;0,95;2002;Carr;0,2;0;0,73;;;;;;;;;;HR;p673 tab4;ERR for 1-10Gy
17;Inf;yes;PepticUlcer;Stomach;no;0;;4,55;1,63;12,69;0,95;2002;Carr;0,2;0;0,73;;;;;;;;;;HR;p673 tab4;ERR for 1-10Gy
0;10;yes;PepticUlcer;Pancreas;no;0;;3,8;1,74;8,3;0,95;2002;Carr;0,34;0,09;0,89;;;;;;;;;;HR;p673 tab4;ERR for 1-10Gy
10;13;yes;PepticUlcer;Pancreas;no;0;;2,45;1,02;5,91;0,95;2002;Carr;0,34;0,09;0,89;;;;;;;;;;HR;p673 tab4;ERR for 1-10Gy
13;16;yes;PepticUlcer;Pancreas;no;0;;2,92;1,07;8;0,95;2002;Carr;0,34;0,09;0,89;;;;;;;;;;HR;p673 tab4;ERR for 1-10Gy
16;Inf;yes;PepticUlcer;Pancreas;no;0;;1,12;0,33;3,79;0,95;2002;Carr;0,34;0,09;0,89;;;;;;;;;;HR;p673 tab4;ERR for 1-10Gy
0;1,4;yes;PepticUlcer;Lung;no;0;;1,47;0,87;2,48;0,95;2002;Carr;0,43;-0,12;1,35;;;;;;;;;;HR;p673 tab4;ERR for 1-10Gy
1,4;1,7;yes;PepticUlcer;Lung;no;0;;1,54;0,98;2,42;0,95;2002;Carr;0,43;-0,12;1,35;;;;;;;;;;HR;p673 tab4;ERR for 1-10Gy
1,7;2,1;yes;PepticUlcer;Lung;no;0;;1,14;0,64;1,93;0,95;2002;Carr;0,43;-0,12;1,35;;;;;;;;;;HR;p673 tab4;ERR for 1-10Gy
2,1;Inf;yes;PepticUlcer;Lung;no;0;;1,84;1,15;2,94;0,95;2002;Carr;0,43;-0,12;1,35;;;;;;;;;;HR;p673 tab4;ERR for 1-10Gy
0;0,5;no;Breast;Leukemia;no;0;0,31;0,85;0,3;2,5;0,9;1989;Curtis;;;;;;;;;;;;;OR;p25 tab4;
0,5;Inf;no;Breast;Leukemia;no;;0,712;0,83;0,3;2,4;0,9;1989;Curtis;;;;;;;;;;;;;OR;p25 tab4;
0;5;yes;Breast;Leukemia;no;0;3,5;1,6;0,4;6,4;0,95;1992;Curtis;;;;;;;;;;;;;OR;p1749 tab6;
5;7;yes;Breast;Leukemia;no;0;6,2;2,2;0,4;12,7;0,95;1992;Curtis;;;;;;;;;;;;;OR;p1749 tab6;
7;9;yes;Breast;Leukemia;no;0;7,7;2,7;0,9;7,7;0,95;1992;Curtis;;;;;;;;;;;;;OR;p1749 tab6;
9;Inf;yes;Breast;Leukemia;no;0;11;7;2;24,9;0,95;1992;Curtis;;;;;;;;;;;;;OR;p1749 tab6;
0;1;yes;UterusCorpus;Leukemia;no;0;0,6;1,36;0,6;3,2;0,95;1994;Curtis;0,1;;0,23;0,35;;1,38;-0,03;-0,12;0,05;;;;OR;p1319 tab5, p1320 tab6;All radiation types
1;1,5;yes;UterusCorpus;Leukemia;no;0;1,2;2,48;1,1;5,7;0,95;1994;Curtis;0,1;;0,23;0,35;;1,38;-0,03;-0,12;0,05;;;;OR;p1319 tab5, p1320 tab6;All radiation types
1,5;2;yes;UterusCorpus;Leukemia;no;0;1,7;2,05;1,1;3,9;0,95;1994;Curtis;0,1;;0,23;0,35;;1,38;-0,03;-0,12;0,05;;;;OR;p1319 tab5, p1320 tab6;All radiation types
2;2,5;yes;UterusCorpus;Leukemia;no;0;2,2;2,46;1,2;4,9;0,95;1994;Curtis;0,1;;0,23;0,35;;1,38;-0,03;-0,12;0,05;;;;OR;p1319 tab5, p1320 tab6;All radiation types
2,5;5;yes;UterusCorpus;Leukemia;no;0;3,1;0,55;0,2;1,9;0,95;1994;Curtis;0,1;;0,23;0,35;;1,38;-0,03;-0,12;0,05;;;;OR;p1319 tab5, p1320 tab6;All radiation types
5;7,5;yes;UterusCorpus;Leukemia;no;0;6,4;1,14;0,4;3,2;0,95;1994;Curtis;0,1;;0,23;0,35;;1,38;-0,03;-0,12;0,05;;;;OR;p1319 tab5, p1320 tab6;All radiation types
7,5;10;yes;UterusCorpus;Leukemia;no;0;8,8;1,89;1;3,6;0,95;1994;Curtis;0,1;;0,23;0,35;;1,38;-0,03;-0,12;0,05;;;;OR;p1319 tab5, p1320 tab6;All radiation types
10;12,5;yes;UterusCorpus;Leukemia;no;0;10,9;2,63;1,2;5,6;0,95;1994;Curtis;0,1;;0,23;0,35;;1,38;-0,03;-0,12;0,05;;;;OR;p1319 tab5, p1320 tab6;All radiation types
12,5;Inf;yes;UterusCorpus;Leukemia;no;0;14,9;3,03;1,2;7,4;0,95;1994;Curtis;0,1;;0,23;0,35;;1,38;-0,03;-0,12;0,05;;;;OR;p1319 tab5, p1320 tab6;All radiation types
0;0,2;no;Spondylitis;Leukemia;no;0;;1,01;0,73;1,35;0,95;1995;Damber;0,52;;;;;;;;;;;;SIR;p717 tab6, p718 tab8;
0,2;0,5;no;Spondylitis;Leukemia;no;0;;1,22;0,84;1,72;0,95;1995;Damber;0,52;;;;;;;;;;;;SIR;p717 tab6, p718 tab8;
0,5;Inf;no;Spondylitis;Leukemia;no;0;;1,4;1;1,92;0,95;1995;Damber;0,52;;;;;;;;;;;;SIR;p717 tab6, p718 tab8;
;;yes;Haemorrhagica;Ovary;no;;;;;;0,95;1994;Darby;0,02;-0,08;1,12;;;;;;;;;;RR;p799 tab8;
;;yes;Haemorrhagica;Uterus;no;;;;;;0,95;1994;Darby;0,09;-0,02;0,19;;;;;;;;;;RR;p799 tab8;
;;yes;Haemorrhagica;Bladder;no;;;;;;0,95;1994;Darby;0,4;0,15;0,66;;;;;;;;;;RR;p799 tab8;
;;yes;Haemorrhagica;Rectum;no;;;;;;0,95;1994;Darby;0,04;-0,09;0,16;;;;;;;;;;RR;p799 tab8;
;;yes;Haemorrhagica;Colon;no;;;;;;0,95;1994;Darby;0,13;0,01;0,26;;;;;;;;;;RR;p799 tab8;
;;no;Haemorrhagica;Leukemia;no;;;;;;0,95;1994;Darby;0,74;-0,11;1,59;;;;;;;;;;RR;p799 tab8;
0;0,5;no;Tuberculosis;Lung;no;0;0,2;0,7;;;;1989;Davis_<30;;;;;;;;;;;;;SMR;p6133 tab6;Age at exposure group
0,1;1;no;Tuberculosis;Lung;no;0;0,72;0,3;;;;1989;Davis_<30;;;;;;;;;;;;;SMR;p6133 tab6;Age at exposure group
1;Inf;no;Tuberculosis;Lung;no;0;1,98;0,5;;;;1989;Davis_<30;;;;;;;;;;;;;SMR;p6133 tab6;Age at exposure group
0;0,5;no;Tuberculosis;Lung;no;0;0,2;0,9;;;;1989;Davis_>30;;;;;;;;;;;;;SMR;p6133 tab6;Age at exposure group
0,1;1;no;Tuberculosis;Lung;no;0;0,72;1,2;;;;1989;Davis_>30;;;;;;;;;;;;;SMR;p6133 tab6;Age at exposure group
1;Inf;no;Tuberculosis;Lung;no;0;1,98;0,8;;;;1989;Davis_>30;;;;;;;;;;;;;SMR;p6133 tab6;Age at exposure group
0;0,5;yes;Neuroblastoma;Thyroid;yes;0;0,24;6,6;1,1;40;0,95;1992;deVathaire;;;;;;;;;;;;;RR;p427 tab2;
0,5;1;yes;Neuroblastoma;Thyroid;yes;0;0,67;5,2;0,5;50;0,95;1992;deVathaire;;;;;;;;;;;;;RR;p427 tab2;
1;5;yes;Neuroblastoma;Thyroid;yes;0;1,57;9,5;2;59;0,95;1992;deVathaire;;;;;;;;;;;;;RR;p427 tab2;
5;20;yes;Neuroblastoma;Thyroid;yes;0;12,99;26;6;119;0,95;1992;deVathaire;;;;;;;;;;;;;RR;p427 tab2;
20;41,9;yes;Neuroblastoma;Thyroid;yes;0;24,19;58;9;357;0,95;1992;deVathaire;;;;;;;;;;;;;RR;p427 tab2;
0,5;1;yes;nonNeuroblast;Thyroid;yes;0;0,67;0,9;0,2;12;0,95;1992;deVathaire;;;;;;;;;;;;;RR;p427 tab2;
1;5;yes;nonNeuroblast;Thyroid;yes;0;1,57;1,5;0,3;9;0,95;1992;deVathaire;;;;;;;;;;;;;RR;p427 tab2;
5;20;yes;nonNeuroblast;Thyroid;yes;0;12,99;7,2;1,7;30;0,95;1992;deVathaire;;;;;;;;;;;;;RR;p427 tab2;
20;41,9;yes;nonNeuroblast;Thyroid;yes;0;24,19;20;3,3;125;0,95;1992;deVathaire;;;;;;;;;;;;;RR;p427 tab2;
0,25;1;yes;ChildSolid;ThyrAdenoma;yes;0,04;0,52;2,3;0,7;8,6;0,9;1999;deVathaire;;;;;;;;;;;;;RR;p2717 tab4;ERR 4-8
1;10;yes;ChildSolid;ThyrAdenoma;yes;0,04;3,6;9,2;3,5;31;0,9;1999;deVathaire;;;;;;;;;;;;;RR;p2717 tab4;ERR 4-8
10;30;yes;ChildSolid;ThyrAdenoma;yes;0,04;20;25;9,2;84;0,9;1999;deVathaire;;;;;;;;;;;;;RR;p2717 tab4;ERR 4-8
30;Inf;yes;ChildSolid;ThyrAdenoma;yes;0,04;41;47;16;164;0,9;1999;deVathaire;;;;;;;;;;;;;RR;p2717 tab4;ERR 4-8
0,25;1;yes;ChildSolid;ThyrCarcinoma;yes;0,04;0,52;4;0,7;44;0,9;1999;deVathaire;;;;;;;;;;;;;RR;p2717 tab4;ERR 4-8
1;10;yes;ChildSolid;ThyrCarcinoma;yes;0,04;3,6;11;2,3;123;0,9;1999;deVathaire;;;;;;;;;;;;;RR;p2717 tab4;ERR 4-8
10;30;yes;ChildSolid;ThyrCarcinoma;yes;0,04;20;13;3,2;141;0,9;1999;deVathaire;;;;;;;;;;;;;RR;p2717 tab4;ERR 4-8
30;Inf;yes;ChildSolid;ThyrCarcinoma;yes;0,04;41;26;3,4;308;0,9;1999;deVathaire;;;;;;;;;;;;;RR;p2717 tab4;ERR 4-8
0;1;yes;ChildSolid;ThyrCarcinoma;yes;0;0,3;1,3;0,5;4,2;0,95;2015;deVathaire;;;;4,75;1,7;22,6;-0,54;;;;;;RR;p4285 tab1;
1;5;yes;ChildSolid;ThyrCarcinoma;yes;0;2,3;6,9;2,4;21,4;0,95;2015;deVathaire;;;;4,75;1,7;22,6;-0,54;;;;;;RR;p4285 tab1;
5;20;yes;ChildSolid;ThyrCarcinoma;yes;0;11,7;8,7;3,2;26,4;0,95;2015;deVathaire;;;;4,75;1,7;22,6;-0,54;;;;;;RR;p4285 tab1;
20;40;yes;ChildSolid;ThyrCarcinoma;yes;0;28,6;13,8;4,5;45,5;0,95;2015;deVathaire;;;;4,75;1,7;22,6;-0,54;;;;;;RR;p4285 tab1;
40;Inf;yes;ChildSolid;ThyrCarcinoma;yes;0;48,8;4,9;0,3;32;0,95;2015;deVathaire;;;;4,75;1,7;22,6;-0,54;;;;;;RR;p4285 tab1;
;;no;DiagXray;Breast;no;;;;;;0,95;2000;Doody;5,4;1,2;14,1;;;;;;;;;;RR;p2060 tab8;
0,1;0,4;no;Hemangioma;Thyroid;yes;0,05;;4,8;0,8;25,7;0,95;1990;Fuerst;;;;;;;;;;;;;OR;p560 tab4;
0,5;Inf;no;Hemangioma;Thyroid;yes;0,05;;4,3;0,7;25,7;0,95;1990;Fuerst;;;;;;;;;;;;;OR;p560 tab4;
0,1;0,4;no;Hemangioma;Bone;yes;0,05;;1,6;0;23,5;0,95;1990;Fuerst;;;;;;;;;;;;;OR;p560 tab4;
0,5;Inf;no;Hemangioma;Bone;yes;0,05;;19,5;1,1;1060,6;0,95;1990;Fuerst;;;;;;;;;;;;;OR;p560 tab4;
0,1;0,4;no;Hemangioma;Breast;yes;0,05;;0,9;0,4;2;0,95;1990;Fuerst;;;;;;;;;;;;;OR;p560 tab4;
0,5;Inf;no;Hemangioma;Breast;yes;0,05;;1;0,3;3;0,95;1990;Fuerst;;;;;;;;;;;;;OR;p560 tab4;
0,1;0,4;no;Hemangioma;Brain;yes;0,05;;1,4;0,3;5,3;0,95;1990;Fuerst;;;;;;;;;;;;;OR;p560 tab4;
0,5;Inf;no;Hemangioma;Brain;yes;0,05;;0,8;0;8,6;0,95;1990;Fuerst;;;;;;;;;;;;;OR;p560 tab4;
0,5;5;yes;Hodgkin;Pancreas;no;0,25;;0,5;0,1;2;0,95;2014;Dores;0,098;0,015;0,42;;;;;;;;;;OR;P2076, p2077 tab2;
10;40;yes;Hodgkin;Pancreas;no;0,25;;1,8;0,5;8,1;0,95;2014;Dores;0,098;0,015;0,42;;;;;;;;;;OR;P2076, p2077 tab2;
40;Inf;yes;Hodgkin;Pancreas;no;0,25;;9,1;1,7;77;0,95;2014;Dores;0,098;0,015;0,42;;;;;;;;;;OR;P2076, p2077 tab2;
0,5;5;yes;Hodgkin;Lung;no;0;;1,64;0,53;5,2;0,95;2003;Gilbert;0,15;0,06;0,39;;;;;;;;;;OR;p165 tab3;
5;14;yes;Hodgkin;Lung;no;0;;4,18;0,7;21;0,95;2003;Gilbert;0,15;0,06;0,39;;;;;;;;;;OR;p165 tab3;
15;30;yes;Hodgkin;Lung;no;0;;2,69;0,15;15;0,95;2003;Gilbert;0,15;0,06;0,39;;;;;;;;;;OR;p165 tab3;
30;40;yes;Hodgkin;Lung;no;0;;8,5;3,3;24;0,95;2003;Gilbert;0,15;0,06;0,39;;;;;;;;;;OR;p165 tab3;
40;Inf;yes;Hodgkin;Lung;no;0;;6,27;2,2;19;0,95;2003;Gilbert;0,15;0,06;0,39;;;;;;;;;;OR;p165 tab3;
1;5;yes;Breast;Lung;no;0,5;2,5;0,63;0,31;1,26;0,95;2014;Grantzau;0,085;0,031;0,233;;;;;;;;;;OR;p370 tab2, tab3;>= 5 yrs f嚙線p
5;15;yes;Breast;Lung;no;0,5;10;0,83;0,32;2,15;0,95;2014;Grantzau;0,085;0,031;0,233;;;;;;;;;;OR;p370 tab2, tab3;>= 5 yrs f嚙線p
15;25;yes;Breast;Lung;no;0,5;20;3,83;1,24;11,85;0,95;2014;Grantzau;0,085;0,031;0,233;;;;;;;;;;OR;p370 tab2, tab3;>= 5 yrs f嚙線p
25;Inf;yes;Breast;Lung;no;0,5;40;3,45;1,02;11,67;0,95;2014;Grantzau;0,085;0,031;0,233;;;;;;;;;;OR;p370 tab2, tab3;>= 5 yrs f嚙線p
;;yes;PepticUlcer;Stomach;no;;;;;;;1994;Griem;0,15;;;;;;;;;;;;RR;p845;
;;yes;PepticUlcer;Pancreas;no;;;;;;;1994;Griem;0,08;;;;;;;;;;;;RR;p845;
;;yes;PepticUlcer;Lung;no;;;;;;;1994;Griem;0,66;;;;;;;;;;;;RR;p845;
;;yes;PepticUlcer;Leukemia;no;;;;;;;1994;Griem;0,14;;;;;;;;;;;;RR;p845;
0,5;5;yes;ChildCancer;Melanoma;yes;0;0,16;1,4;0,28;7;0,95;2003;Guerin;0,07;0;0,15;;;;;;;;;;OR;p2383 tab5, p2384;
10;40;yes;ChildCancer;Melanoma;yes;0;1,4;3,2;0,37;27;0,95;2003;Guerin;0,07;0;0,15;;;;;;;;;;OR;p2383 tab5, p2384;
40;Inf;yes;ChildCancer;Melanoma;yes;0;29;13;1,94;174;0,95;2003;Guerin;0,07;0;0,15;;;;;;;;;;OR;p2383 tab5, p2384;
0;0,13;yes;ChildSolid;SMN;yes;0;;0,7;0,3;1,7;0,95;2006;Guerin;0,13;0,06;0,26;;;;;;;;;;OR;P98 tab3, p99 tab4;
0,13;2;yes;ChildSolid;SMN;yes;0;;1,5;0,7;3;0,95;2006;Guerin;0,13;0,06;0,26;;;;;;;;;;OR;P98 tab3, p99 tab4;
2;13,8;yes;ChildSolid;SMN;yes;0;;2,2;1,1;4,6;0,95;2006;Guerin;0,13;0,06;0,26;;;;;;;;;;OR;P98 tab3, p99 tab4;
13,8;Inf;yes;ChildSolid;SMN;yes;0;;4,8;2,5;9,3;0,95;2006;Guerin;0,13;0,06;0,26;;;;;;;;;;OR;P98 tab3, p99 tab4;
0;1;yes;ChildSolid;Breast;yes;0;;1,3;0,3;6,3;0,95;2005;Guibout;0,13;0;0,75;;;;;;;;;;RR;P201, p202 tab5;
1;10;yes;ChildSolid;Breast;yes;0;;1,5;0,3;8,1;0,95;2005;Guibout;0,13;0;0,75;;;;;;;;;;RR;P201, p202 tab5;
10;20;yes;ChildSolid;Breast;yes;0;;3,7;0,6;24,2;0,95;2005;Guibout;0,13;0;0,75;;;;;;;;;;RR;P201, p202 tab5;
20;Inf;yes;ChildSolid;Breast;yes;0;;2,5;0,1;22,1;0,95;2005;Guibout;0,13;0;0,75;;;;;;;;;;RR;P201, p202 tab5;
0;3;yes;ChildSolid;Leukemia;yes;0;;0,6;0,05;6,3;0,95;2006;Haddy;0,31;-0,32;0,94;0,96;-1,6;-3,5;-0,08;-0,26;0,1;;;;RR;p2762 tab4, tab5;
3;6,6;yes;ChildSolid;Leukemia;yes;0;;4,2;0,8;21;0,95;2006;Haddy;0,31;-0,32;0,94;0,96;-1,6;-3,5;-0,08;-0,26;0,1;;;;RR;p2762 tab4, tab5;
6,6;Inf;yes;ChildSolid;Leukemia;yes;0;;1,6;0,2;11;0,95;2006;Haddy;0,31;-0,32;0,94;0,96;-1,6;-3,5;-0,08;-0,26;0,1;;;;RR;p2762 tab4, tab5;
;;;Hemangioma;ThyrAdenoma;yes;0,001;1,78;12,98;0,23;22,44;0,95;2009;Haddy;5,7;0,7;19,4;;;;;;;;;;RR;p380, p381 fig2;
;;;Hemangioma;ThyrAdenoma;yes;0,001;3,17;19,59;11,73;25,85;0,95;2009;Haddy;5,7;0,7;19,4;;;;;;;;;;RR;p380, p381 fig2;
;;;Hemangioma;ThyrAdenoma;yes;0,001;5,61;26,16;19,59;32,23;0,95;2009;Haddy;5,7;0,7;19,4;;;;;;;;;;RR;p380, p381 fig2;
;;;Hemangioma;ThyrCarcinoma;yes;0,001;6,22;29,27;16,74;44,08;0,95;2009;Haddy;14,7;1,6;62,9;;;;;;;;;;RR;p380, p381 fig2;
0;1;;ChildSolid;ThyrAdenoma;yes;0;0,3;2,1;0,8;5,4;0,9;2012;Haddy;;;;2,8;1,2;6,9;-0,052;;;;;;RR;P211, pe212 tab3;
1;5;;ChildSolid;ThyrAdenoma;yes;0;2,3;7,8;3;20,3;0,9;2012;Haddy;;;;2,8;1,2;6,9;-0,052;;;;;;RR;P211, pe212 tab3;
5;20;;ChildSolid;ThyrAdenoma;yes;0;11,8;18,4;7,4;45,4;0,9;2012;Haddy;;;;2,8;1,2;6,9;-0,052;;;;;;RR;P211, pe212 tab3;
20;40;;ChildSolid;ThyrAdenoma;yes;0;27,3;18,9;6,9;51,5;0,9;2012;Haddy;;;;2,8;1,2;6,9;-0,052;;;;;;RR;P211, pe212 tab3;
40;Inf;;ChildSolid;ThyrAdenoma;yes;0;50;11,5;2,7;41,9;0,9;2012;Haddy;;;;2,8;1,2;6,9;-0,052;;;;;;RR;P211, pe212 tab3;
0,00001;0,00005;;DiagXray;SMN;yes;0,000005;;1,02;0,6;1,74;0,95;2009;Hammer;;;;;;;;;;;;;IRR;p510 tab5;all patients
0,00005;Inf;;DiagXray;SMN;yes;0,000005;;1,01;0,6;1,71;0,95;2009;Hammer;;;;;;;;;;;;;IRR;p510 tab5;all patients
0,00001;0,00005;;DiagXray;LeukLymphom;yes;0,000005;;1;0,48;2,07;0,95;2009;Hammer;;;;;;;;;;;;;IRR;p510 tab5;all patients
0,00005;Inf;;DiagXray;LeukLymphom;yes;0,000005;;1,04;0,51;2,12;0,95;2009;Hammer;;;;;;;;;;;;;IRR;p510 tab5;all patients
0,00001;0,00005;;DiagXray;Solid;yes;0,000005;;1,05;0,49;2,27;0,95;2009;Hammer;;;;;;;;;;;;;IRR;p510 tab5;all patients
0,00005;Inf;;DiagXray;Solid;yes;0,000005;;0,98;0,46;2,12;0,95;2009;Hammer;;;;;;;;;;;;;IRR;p510 tab5;all patients
;;yes;Hodgkin;Breast;no;;;;;;;1993;Hancock_A_<20;0,87;;;;;;;;;;;;RR;p28 tab4;>= 15 years follow up
;;yes;Hodgkin;Breast;no;;;;;;;1993;Hancock_A_20_30;0,38;;;;;;;;;;;;RR;p28 tab4;>= 15 years follow up
;;yes;Hodgkin;Breast;no;;;;;;;1993;Hancock_A_>30;0,08;;;;;;;;;;;;RR;p28 tab4;>= 15 years follow up
10;20;yes;Testicular;Stomach;no;2,5;15;2;0,5;8,7;0,95;2015;Hauptmann;0,27;0,054;1,44;;;;;;;;;;OR;p47 tab2;
20;30;yes;Testicular;Stomach;no;2,5;25;2,5;0,8;7,9;0,95;2015;Hauptmann;0,27;0,054;1,44;;;;;;;;;;OR;p47 tab2;
30;40;yes;Testicular;Stomach;no;2,5;34;7,2;2,1;24,9;0,95;2015;Hauptmann;0,27;0,054;1,44;;;;;;;;;;OR;p47 tab2;
40;50;yes;Testicular;Stomach;no;2,5;43;6,7;1,7;27,1;0,95;2015;Hauptmann;0,27;0,054;1,44;;;;;;;;;;OR;p47 tab2;
50;Inf;yes;Testicular;Stomach;no;2,5;52;20,5;3,7;114,3;0,95;2015;Hauptmann;0,27;0,054;1,44;;;;;;;;;;OR;p47 tab2;
0;5;yes;ChildCancer;Leukemia;yes;0;;2,1;1,1;3,9;0,95;1992;Hawkins;;;;;;;;;;;;;OR;p955 tab5;
5;10;yes;ChildCancer;Leukemia;yes;0;;4,4;1,3;15;0,95;1992;Hawkins;;;;;;;;;;;;;OR;p955 tab5;
10;15;yes;ChildCancer;Leukemia;yes;0;;9,4;1,5;58;0,95;1992;Hawkins;;;;;;;;;;;;;OR;p955 tab5;
15;Inf;yes;ChildCancer;Leukemia;yes;0;;19,8;1,7;224,4;0,95;1992;Hawkins;;;;;;;;;;;;;OR;p955 tab5;
0;1;yes;ChildCancer;Bone;yes;0;;0,7;0,2;2,2;0,95;1996;Hawkins;;;;;;;;;;;;;RR;p274 tab4;
1;3;yes;ChildCancer;Bone;yes;0;;12,4;0,9;163,3;0,95;1996;Hawkins;;;;;;;;;;;;;RR;p274 tab4;
3;5;yes;ChildCancer;Bone;yes;0;;93,4;6,8;1285,4;0,95;1996;Hawkins;;;;;;;;;;;;;RR;p274 tab4;
5;Inf;yes;ChildCancer;Bone;yes;0;;64,7;3,8;1103,4;0,95;1996;Hawkins;;;;;;;;;;;;;RR;p274 tab4;
0,01;0,5;yes;ThymHypPlas;Breast;yes;0;;5,1;0,8;31,3;0,95;1985;Hildreth;0,27;0;0,66;;;;;;;;;;RR;p386 tab8, p387;
0,5;2;yes;ThymHypPlas;Breast;yes;0;;11;2,3;52,3;0,95;1985;Hildreth;0,27;0;0,66;;;;;;;;;;RR;p386 tab8, p387;
2;Inf;yes;ThymHypPlas;Breast;yes;0;;4,5;0,6;28,8;0,95;1985;Hildreth;0,27;0;0,66;;;;;;;;;;RR;p386 tab8, p387;
0,01;0,5;yes;ThymHypPlas;Breast;yes;0;;2,7;1,1;6,7;0,95;1989;Hildreth;2,48;2,1;6,2;;;;;;;;;;RR;p1283 tab2;
0,5;2;yes;ThymHypPlas;Breast;yes;0;;6,7;2,4;18,7;0,95;1989;Hildreth;2,48;2,1;6,2;;;;;;;;;;RR;p1283 tab2;
2;Inf;yes;ThymHypPlas;Breast;yes;0;;4,7;1,9;12,1;0,95;1989;Hildreth;2,48;2,1;6,2;;;;;;;;;;RR;p1283 tab2;
;;yes;Hemangioma;Breast;yes;;;;;;0,95;2001;Holmberg;0,33;0,17;0,53;;;;;;;;;;RR;p365 tab4;
0;0,5;yes;Tuberculosis;Lung;no;0;;0,87;0,74;1,03;0,95;1995;Howe;0;-0,06;0,07;;;;;;;;;;RR;p299 tab4, tab5;
0,5;1;yes;Tuberculosis;Lung;no;0;;0,82;0,66;1,02;0,95;1995;Howe;0;-0,06;0,07;;;;;;;;;;RR;p299 tab4, tab5;
1;2;yes;Tuberculosis;Lung;no;0;;0,94;0,77;1,15;0,95;1995;Howe;0;-0,06;0,07;;;;;;;;;;RR;p299 tab4, tab5;
2;3;yes;Tuberculosis;Lung;no;0;;1,09;0,8;1,5;0,95;1995;Howe;0;-0,06;0,07;;;;;;;;;;RR;p299 tab4, tab5;
3;Inf;yes;Tuberculosis;Lung;no;0;;1,04;0,72;1,53;0,95;1995;Howe;0;-0,06;0,07;;;;;;;;;;RR;p299 tab4, tab5;
0;0,5;yes;Tuberculosis;Breast;no;0;0,2;1,09;0,88;1,34;0,95;1996;Howe;0,9;0,55;1,39;;;;;;;;;;RR;p698 tab3, p699 tab5;
0,5;1;yes;Tuberculosis;Breast;no;0;0,73;1,11;0,86;1,43;0,95;1996;Howe;0,9;0,55;1,39;;;;;;;;;;RR;p698 tab3, p699 tab5;
1;2;yes;Tuberculosis;Breast;no;0;1,38;1,38;1,07;1,77;0,95;1996;Howe;0,9;0,55;1,39;;;;;;;;;;RR;p698 tab3, p699 tab5;
2;3;yes;Tuberculosis;Breast;no;0;2,42;1,69;1,14;2,51;0,95;1996;Howe;0,9;0,55;1,39;;;;;;;;;;RR;p698 tab3, p699 tab5;
3;4;yes;Tuberculosis;Breast;no;0;3,42;2,36;1,49;3,75;0,95;1996;Howe;0,9;0,55;1,39;;;;;;;;;;RR;p698 tab3, p699 tab5;
4;7;yes;Tuberculosis;Breast;no;0;5,06;1,92;1,08;3,42;0,95;1996;Howe;0,9;0,55;1,39;;;;;;;;;;RR;p698 tab3, p699 tab5;
7;10;yes;Tuberculosis;Breast;no;0;8,53;7,57;3,48;16,4;0,95;1996;Howe;0,9;0,55;1,39;;;;;;;;;;RR;p698 tab3, p699 tab5;
10;13,9;yes;Tuberculosis;Breast;no;0;13,27;27,9;13,7;57,1;0,95;1996;Howe;0,9;0,55;1,39;;;;;;;;;;RR;p698 tab3, p699 tab5;
;;;PelvicBenign;Leukemia;no;;;;;;0,9;1993;Inskip;2,9;;;;;;;;;;;;RR;p119 tab7;all modalities
0;5;yes;Breast;Lung;no;0;2,7;1,4;0,5;3,7;0,95;1994;Inskip;0,2;-0,62;0,22;;;;;;;;;;OR;p986 tab4;
5;10;yes;Breast;Lung;no;0;7;3,3;0,8;16,9;0,95;1994;Inskip;0,2;-0,62;0,22;;;;;;;;;;OR;p986 tab4;
10;22,6;yes;Breast;Lung;no;0;15,8;2,4;0,4;18,6;0,95;1994;Inskip;0,2;-0,62;0,22;;;;;;;;;;OR;p986 tab4;
0;0,14;yes;ChildCancer;Breast;yes;0;0,1;1,4;0,5;4,4;0,95;2009;Inskip;0,27;0,1;0,67;;;;;;;;;;OR;p3903 tab2;
0,14;1,3;yes;ChildCancer;Breast;yes;0;0,5;1,9;0,7;5,4;0,95;2009;Inskip;0,27;0,1;0,67;;;;;;;;;;OR;p3903 tab2;
1,3;11,4;yes;ChildCancer;Breast;yes;0;4,5;1,9;0,7;5;0,95;2009;Inskip;0,27;0,1;0,67;;;;;;;;;;OR;p3903 tab2;
11,4;30;yes;ChildCancer;Breast;yes;0;22;7,1;2,9;17;0,95;2009;Inskip;0,27;0,1;0,67;;;;;;;;;;OR;p3903 tab2;
30;60;yes;ChildCancer;Breast;yes;0;39,1;10,8;3,8;31;0,95;2009;Inskip;0,27;0,1;0,67;;;;;;;;;;OR;p3903 tab2;
1;2,5;yes;Hodgkin;Lung;no;0,5;;1,4;0,6;3,55;0,95;1992;Kaldor;;;;;;;;;;;;;OR;p680 tab7;No chemo
2,5;Inf;yes;Hodgkin;Lung;no;0,5;;1,6;0,66;4,12;0,95;1992;Kaldor;;;;;;;;;;;;;OR;p680 tab7;No chemo
0;0,01;;Hemangioma;Intracranial;yes;0;0,004;1,82;1,03;2,95;0,95;1997;Karlsson;1,05;-2,4;4,49;;;;;;;;;;SIR;p165 tab4, tab5;
0,01;0,1;;Hemangioma;Intracranial;yes;0;0,0346;1,78;1,12;2,65;0,95;1997;Karlsson;1,05;-2,4;4,49;;;;;;;;;;SIR;p165 tab4, tab5;
0,1;1;;Hemangioma;Intracranial;yes;0;0,217;1,8;1,33;2,36;0,95;1997;Karlsson;1,05;-2,4;4,49;;;;;;;;;;SIR;p165 tab4, tab5;
1;Inf;;Hemangioma;Intracranial;yes;0;1,465;13,44;0,34;74,9;0,95;1997;Karlsson;1,05;-2,4;4,49;;;;;;;;;;SIR;p165 tab4, tab5;
0;0,01;;Hemangioma;Intracranial;yes;0;0;1,31;0,79;2;0,95;1998;Karlsson;2,7;1;5,6;;;;;;;;;;IRR;P362, p363 tab6;
0,01;0,1;;Hemangioma;Intracranial;yes;0;0,03;1,24;0,88;1,69;0,95;1998;Karlsson;2,7;1;5,6;;;;;;;;;;IRR;P362, p363 tab6;
0,1;1;;Hemangioma;Intracranial;yes;0;0,21;1,73;1,12;2,51;0,95;1998;Karlsson;2,7;1;5,6;;;;;;;;;;IRR;P362, p363 tab6;
1;Inf;;Hemangioma;Intracranial;yes;0;1,98;9,55;2,97;22,2;0,95;1998;Karlsson;2,7;1;5,6;;;;;;;;;;IRR;P362, p363 tab6;
0;0,5;yes;Cervix;Stomach;no;0;0,31;0,51;0,1;2,04;0,95;2013;Kleinerman;0,11;0,001;0,48;;;;;;;;;;OR;P4, p14 tab2;
0,5;1;yes;Cervix;Stomach;no;0;0,75;2,28;0,86;6,34;0,95;2013;Kleinerman;0,11;0,001;0,48;;;;;;;;;;OR;P4, p14 tab2;
1;2;yes;Cervix;Stomach;no;0;1,45;1,87;0,8;4,71;0,95;2013;Kleinerman;0,11;0,001;0,48;;;;;;;;;;OR;P4, p14 tab2;
2;3;yes;Cervix;Stomach;no;0;2,43;1,64;0,71;4,05;0,95;2013;Kleinerman;0,11;0,001;0,48;;;;;;;;;;OR;P4, p14 tab2;
3;4;yes;Cervix;Stomach;no;0;3,4;1,27;0,48;3,51;0,95;2013;Kleinerman;0,11;0,001;0,48;;;;;;;;;;OR;P4, p14 tab2;
4;5;yes;Cervix;Stomach;no;0;4,37;1,91;0,53;6,88;0,95;2013;Kleinerman;0,11;0,001;0,48;;;;;;;;;;OR;P4, p14 tab2;
5;46,1;yes;Cervix;Stomach;no;0;12,1;4,2;1,41;13,4;0,95;2013;Kleinerman;0,11;0,001;0,48;;;;;;;;;;OR;P4, p14 tab2;
;;;ChildCancer;Thyroid;yes;;;;;;0,95;2013;Kovalchik_<5;;;;1,58;0,58;4,32;-0,06;-0,043;-0,085;;;;HR;p122 tab2;age strata, cf erratum
;;;ChildCancer;Thyroid;yes;;;;;;0,95;2013;Kovalchik_5_9;;;;1,66;0,85;3,26;-0,06;-0,043;-0,085;;;;HR;p122 tab2;age strata, cf erratum
;;;ChildCancer;Thyroid;yes;;;;;;0,95;2013;Kovalchik_10_14;;;;2,33;1,1;4,94;-0,06;-0,043;-0,085;;;;HR;p122 tab2;age strata, cf erratum
;;;ChildCancer;Thyroid;yes;;;;;;0,95;2013;Kovalchik_>14;;;;0,87;0,34;2,22;-0,06;-0,043;-0,085;;;;HR;p122 tab2;age strata, cf erratum
1;10;yes;ChildSolid;Osteosarcoma;yes;0,1;;7,8;0,97;165,16;0,95;1998;leVu;3,1;;;;;;;;;;4,5;;OR;P375 tab6, tab8;adjusted w/o interaction
10;30;yes;ChildSolid;Osteosarcoma;yes;0,1;;24,2;3,04;517,86;0,95;1998;leVu;3,1;;;;;;;;;;4,5;;OR;P375 tab6, tab8;adjusted w/o interaction
30;50;yes;ChildSolid;Osteosarcoma;yes;0,1;;183,7;22,87;4485,9;0,95;1998;leVu;3,1;;;;;;;;;;4,5;;OR;P375 tab6, tab8;adjusted w/o interaction
50;Inf;yes;ChildSolid;Osteosarcoma;yes;0,1;;48,4;6,5;1059,8;0,95;1998;leVu;3,1;;;;;;;;;;4,5;;OR;P375 tab6, tab8;adjusted w/o interaction
;;;Hemangioma;Thyroid;yes;;;;;;0,95;1995;Lindberg;7,5;0,4;18,1;;;;;;;;;;RR;p739;
;;;Hemangioma;Brain;yes;;;;;;0,95;1995;Lindberg;10,9;3,6;20,5;;;;;;;;;;RR;p739;
1;5;yes;ChildCancer;Brain;yes;0;1,22;1,31;0,21;5,34;0,95;1998;Little;0,19;0,03;0,85;;;;;;;;;;OR;p273 fig1, tab8;
5;10;yes;ChildCancer;Brain;yes;0;7,53;7,45;1,04;51,02;0,95;1998;Little;0,19;0,03;0,85;;;;;;;;;;OR;p273 fig1, tab8;
10;20;yes;ChildCancer;Brain;yes;0;15,04;8,8;2,04;34,99;0,95;1998;Little;0,19;0,03;0,85;;;;;;;;;;OR;p273 fig1, tab8;
20;30;yes;ChildCancer;Brain;yes;0;24,16;2,46;0,45;17,47;0,95;1998;Little;0,19;0,03;0,85;;;;;;;;;;OR;p273 fig1, tab8;
30;50;yes;ChildCancer;Brain;yes;0;39,36;15,8;3,53;83,17;0,95;1998;Little;0,19;0,03;0,85;;;;;;;;;;OR;p273 fig1, tab8;
50;Inf;yes;ChildCancer;Brain;yes;0;53,72;53,13;4,43;100;0,95;1998;Little;0,19;0,03;0,85;;;;;;;;;;OR;p273 fig1, tab8;
;;;TineaCapitis;Thyroid;yes;0;0,07;2,95;1,58;5,63;0,95;2004;Lubin;30,8;14;64;;;;;;;;;;RR;p365 fig3, p366 tab4;
;;;TineaCapitis;Thyroid;yes;0;0,112;6,54;3,29;12,81;0,95;2004;Lubin;30,8;14;64;;;;;;;;;;RR;p365 fig3, p366 tab4;
;;;TineaCapitis;Thyroid;yes;0;0,214;6,48;2,15;19,54;0,95;2004;Lubin;30,8;14;64;;;;;;;;;;RR;p365 fig3, p366 tab4;
0,02;1;no;Hemangioma;Thyroid;yes;0,002;0,13;1,14;0,35;3,71;0,95;1994;Lundell;4,92;1,26;10,19;;;;;;;;;;IRR;p336 tab5;
1;Inf;no;Hemangioma;Thyroid;yes;0,002;4,49;10,1;2,53;40,4;0,95;1994;Lundell;4,92;1,26;10,19;;;;;;;;;;IRR;p336 tab5;
;;yes;Hemangioma;Breast;yes;;;;;;0,95;1996;Lundell_A;0,38;0,09;0,85;;;;;;;;;;IRR;P227 tab2, p228 tab4;linear model
;;yes;Hemangioma;Breast;yes;;;;;;0,95;1996;Lundell_A;0,38;0,09;0,85;;;;;;;;;;IRR;P227 tab2, p228 tab4;linear model
;;yes;Hemangioma;Breast;yes;;;;;;0,95;1996;Lundell_A;0,38;0,09;0,85;;;;;;;;;;IRR;P227 tab2, p228 tab4;linear model
;;yes;Hemangioma;Breast;yes;;;;;;0,95;1996;Lundell_A;0,38;0,09;0,85;;;;;;;;;;IRR;P227 tab2, p228 tab4;linear model
0,02;0,1;no;Hemangioma;Leukemia;yes;0,001;0,06;0,9;0,3;1,8;0,95;1996;Lundell_B;;;;;;;;;;;;;SIR;p599 tab6;
0,1;Inf;no;Hemangioma;Leukemia;yes;0,001;0,43;1,7;0,7;3,4;0,95;1996;Lundell_B;;;;;;;;;;;;;SIR;p599 tab6;
0;0,02;yes;Hemangioma;Breast;yes;0;0,004;1,08;0,81;1,28;0,95;1999;Lundell;0,35;0,18;0,59;;;;;;;;;;SIR;P628, p630 tab4;
0,02;0,1;yes;Hemangioma;Breast;yes;0;0,05;1,1;0,99;1,5;0,95;1999;Lundell;0,35;0,18;0,59;;;;;;;;;;SIR;P628, p630 tab4;
0,11;0,25;yes;Hemangioma;Breast;yes;0;0,17;1,14;0,77;1,52;0,95;1999;Lundell;0,35;0,18;0,59;;;;;;;;;;SIR;P628, p630 tab4;
0,26;1;yes;Hemangioma;Breast;yes;0;0,46;1,26;0,58;1,5;0,95;1999;Lundell;0,35;0,18;0,59;;;;;;;;;;SIR;P628, p630 tab4;
1,01;4;yes;Hemangioma;Breast;yes;0;1,77;1,75;0,85;2,98;0,95;1999;Lundell;0,35;0,18;0,59;;;;;;;;;;SIR;P628, p630 tab4;
4,01;10;yes;Hemangioma;Breast;yes;0;8,1;4,14;2,62;7,85;0,95;1999;Lundell;0,35;0,18;0,59;;;;;;;;;;SIR;P628, p630 tab4;
10;Inf;yes;Hemangioma;Breast;yes;0;13,8;6,24;2,41;10,83;0,95;1999;Lundell;0,35;0,18;0,59;;;;;;;;;;SIR;P628, p630 tab4;
0;0,2;yes;BreastBenign;Breast;no;0;0,11;1,19;0,65;2,18;0,95;1993;Mattsson;0,185;0,074;0,307;;;;;;;;;;RR;p1682 tab1;
0,2;0,5;yes;BreastBenign;Breast;no;0;0,34;1,5;0,87;2,55;0,95;1993;Mattsson;0,185;0,074;0,307;;;;;;;;;;RR;p1682 tab1;
0,5;2;yes;BreastBenign;Breast;no;0;0,93;1,92;0,89;4,13;0,95;1993;Mattsson;0,185;0,074;0,307;;;;;;;;;;RR;p1682 tab1;
2;4;yes;BreastBenign;Breast;no;0;3,17;5,28;3,42;8,25;0,95;1993;Mattsson;0,185;0,074;0,307;;;;;;;;;;RR;p1682 tab1;
4;7;yes;BreastBenign;Breast;no;0;5,36;6,83;4,52;10,3;0,95;1993;Mattsson;0,185;0,074;0,307;;;;;;;;;;RR;p1682 tab1;
7;10;yes;BreastBenign;Breast;no;0;8,25;7,4;4,66;11,52;0,95;1993;Mattsson;0,185;0,074;0,307;;;;;;;;;;RR;p1682 tab1;
10;14;yes;BreastBenign;Breast;no;0;11,87;5,3;3,33;8,44;0,95;1993;Mattsson;0,185;0,074;0,307;;;;;;;;;;RR;p1682 tab1;
14;Inf;yes;BreastBenign;Breast;no;0;18,89;5,66;3,91;8,26;0,95;1993;Mattsson;0,185;0,074;0,307;;;;;;;;;;RR;p1682 tab1;
0,003;0,1;yes;BreastBenign;Breast;no;0;0,065;0,69;;;0,95;1995;Mattsson;1,63;0,77;2,89;;;;;;;;;;RR;p1056 tab1;
0,1;0,2;yes;BreastBenign;Breast;no;0;0,149;1,49;;;0,95;1995;Mattsson;1,63;0,77;2,89;;;;;;;;;;RR;p1056 tab1;
0,2;0,35;yes;BreastBenign;Breast;no;0;0,276;1,13;;;0,95;1995;Mattsson;1,63;0,77;2,89;;;;;;;;;;RR;p1056 tab1;
0,35;0,5;yes;BreastBenign;Breast;no;0;0,392;2,08;;;0,95;1995;Mattsson;1,63;0,77;2,89;;;;;;;;;;RR;p1056 tab1;
0,5;1;yes;BreastBenign;Breast;no;0;0,684;1,4;;;0,95;1995;Mattsson;1,63;0,77;2,89;;;;;;;;;;RR;p1056 tab1;
1;2;yes;BreastBenign;Breast;no;0;1,423;2,62;;;0,95;1995;Mattsson;1,63;0,77;2,89;;;;;;;;;;RR;p1056 tab1;
2;3;yes;BreastBenign;Breast;no;0;2,487;5,66;;;0,95;1995;Mattsson;1,63;0,77;2,89;;;;;;;;;;RR;p1056 tab1;
3;4;yes;BreastBenign;Breast;no;0;3,628;4,03;;;0,95;1995;Mattsson;1,63;0,77;2,89;;;;;;;;;;RR;p1056 tab1;
4;5;yes;BreastBenign;Breast;no;0;4,451;7,39;;;0,95;1995;Mattsson;1,63;0,77;2,89;;;;;;;;;;RR;p1056 tab1;
5;6;yes;BreastBenign;Breast;no;0;5,535;4,24;;;0,95;1995;Mattsson;1,63;0,77;2,89;;;;;;;;;;RR;p1056 tab1;
6;7;yes;BreastBenign;Breast;no;0;6,52;7,45;;;0,95;1995;Mattsson;1,63;0,77;2,89;;;;;;;;;;RR;p1056 tab1;
7;8;yes;BreastBenign;Breast;no;0;7,584;7,31;;;0,95;1995;Mattsson;1,63;0,77;2,89;;;;;;;;;;RR;p1056 tab1;
8;9;yes;BreastBenign;Breast;no;0;8,352;5,95;;;0,95;1995;Mattsson;1,63;0,77;2,89;;;;;;;;;;RR;p1056 tab1;
9;10;yes;BreastBenign;Breast;no;0;9,569;6,25;;;0,95;1995;Mattsson;1,63;0,77;2,89;;;;;;;;;;RR;p1056 tab1;
10;12;yes;BreastBenign;Breast;no;0;11,25;5,62;;;0,95;1995;Mattsson;1,63;0,77;2,89;;;;;;;;;;RR;p1056 tab1;
12;14;yes;BreastBenign;Breast;no;0;13,121;5,29;;;0,95;1995;Mattsson;1,63;0,77;2,89;;;;;;;;;;RR;p1056 tab1;
14;16;yes;BreastBenign;Breast;no;0;15,266;4,75;;;0,95;1995;Mattsson;1,63;0,77;2,89;;;;;;;;;;RR;p1056 tab1;
16;Inf;yes;BreastBenign;Breast;no;0;24,239;8,81;;;0,95;1995;Mattsson;1,63;0,77;2,89;;;;;;;;;;RR;p1056 tab1;
;;yes;BreastBenign;Stomach;no;;;;;;0,95;1997;Mattsson;1,3;0;4,4;;;;;;;;;;RR;p158 fig4;
;;yes;BreastBenign;Pancreas;no;;;;;;0,95;1997;Mattsson;-0,37;;0,8;;;;;;;;;;RR;p158 fig4;
;;yes;BreastBenign;Liver;no;;;;;;0,95;1997;Mattsson;0,09;;1,4;;;;;;;;;;RR;p158 fig4;
;;yes;BreastBenign;Lung;no;;;;;;0,95;1997;Mattsson;0,38;;0,6;;;;;;;;;;RR;p158 fig4;
0;1;yes;ChildSolid;Sarcoma;yes;0;0,2;0,9;0,1;5,8;0,95;2004;Menu-Brant;;;;;;;;;;;;;OR;p91 tab5;only quadratic model
1;10;yes;ChildSolid;Sarcoma;yes;0;3,8;1,5;0,2;9,9;0,95;2004;Menu-Brant;;;;;;;;;;;;;OR;p91 tab5;only quadratic model
10;30;yes;ChildSolid;Sarcoma;yes;0;17,4;3;0,6;14,6;0,95;2004;Menu-Brant;;;;;;;;;;;;;OR;p91 tab5;only quadratic model
30;Inf;yes;ChildSolid;Sarcoma;yes;0;39,7;10,7;1,9;61,4;0,95;2004;Menu-Brant;;;;;;;;;;;;;OR;p91 tab5;only quadratic model
0;5;yes;Breast;Esophagus;no;0;;0,9;0,6;1,5;0,95;2012;Morton;0,09;0,04;0,16;;;;;;;;;;OR;p3085, p3086 tab2;
5;10;yes;Breast;Esophagus;no;0;;1,2;0,6;2,4;0,95;2012;Morton;0,09;0,04;0,16;;;;;;;;;;OR;p3085, p3086 tab2;
10;20;yes;Breast;Esophagus;no;0;;1;0,5;2,2;0,95;2012;Morton;0,09;0,04;0,16;;;;;;;;;;OR;p3085, p3086 tab2;
20;25;yes;Breast;Esophagus;no;0;;2,4;1,1;5,5;0,95;2012;Morton;0,09;0,04;0,16;;;;;;;;;;OR;p3085, p3086 tab2;
25;30;yes;Breast;Esophagus;no;0;;3,3;1,7;6,7;0,95;2012;Morton;0,09;0,04;0,16;;;;;;;;;;OR;p3085, p3086 tab2;
30;35;yes;Breast;Esophagus;no;0;;5,7;2,3;15;0,95;2012;Morton;0,09;0,04;0,16;;;;;;;;;;OR;p3085, p3086 tab2;
35;45;yes;Breast;Esophagus;no;0;;8,3;2,7;28;0,95;2012;Morton;0,09;0,04;0,16;;;;;;;;;;OR;p3085, p3086 tab2;
0;1;yes;Hodgkin;Stomach;no;0;0,3;1,3;0,4;4,1;0,95;2013;Morton;0,09;0,04;0,21;;;;;;;;;;OR;p3373 tab2;
1;5;yes;Hodgkin;Stomach;no;0;2,4;1;0,3;3,5;0,95;2013;Morton;0,09;0,04;0,21;;;;;;;;;;OR;p3373 tab2;
5;25;yes;Hodgkin;Stomach;no;0;18,9;0,5;0,1;2,7;0,95;2013;Morton;0,09;0,04;0,21;;;;;;;;;;OR;p3373 tab2;
25;35;yes;Hodgkin;Stomach;no;0;30,4;4,6;1,2;20,5;0,95;2013;Morton;0,09;0,04;0,21;;;;;;;;;;OR;p3373 tab2;
35;40;yes;Hodgkin;Stomach;no;0;37,9;8,2;2,6;29,7;0,95;2013;Morton;0,09;0,04;0,21;;;;;;;;;;OR;p3373 tab2;
40;Inf;yes;Hodgkin;Stomach;no;0;43,3;4,2;1,2;15,6;0,95;2013;Morton;0,09;0,04;0,21;;;;;;;;;;OR;p3373 tab2;
30;40;yes;Hodgkin;Esophagus;no;0;36,3;5;1,3;23,6;0,95;2014;Morton;0,09;0,04;0,21;;;;;;;;;;OR;p3373 tab2;
40;Inf;yes;Hodgkin;Esophagus;no;0;41,7;3,9;1,3;15;0,95;2014;Morton;0,09;0,04;0,21;;;;;;;;;;OR;p3373 tab2;
0;10;yes;ChildCancer;CNS;yes;0,1;1,9;0;0;2,44;0,95;2006;Neglia;0,69;0,25;2,23;;;;;;;;;;OR;p1534 tab4, p1535 tab5;
10;20;yes;ChildCancer;CNS;yes;0,1;16,9;9,71;2,73;34,5;0,95;2006;Neglia;0,69;0,25;2,23;;;;;;;;;;OR;p1534 tab4, p1535 tab5;
20;30;yes;ChildCancer;CNS;yes;0,1;23,9;13,4;4,3;41,79;0,95;2006;Neglia;0,69;0,25;2,23;;;;;;;;;;OR;p1534 tab4, p1535 tab5;
30;45;yes;ChildCancer;CNS;yes;0,1;38,6;50;13,3;187,4;0,95;2006;Neglia;0,69;0,25;2,23;;;;;;;;;;OR;p1534 tab4, p1535 tab5;
45;Inf;yes;ChildCancer;CNS;yes;0,1;48,8;32,8;8,38;128,3;0,95;2006;Neglia;0,69;0,25;2,23;;;;;;;;;;OR;p1534 tab4, p1535 tab5;
0;10;yes;ChildCancer;Glioma;yes;0,1;1,9;0;0;5,17;0,95;2006;Neglia;0,33;0,07;1,71;;;;;;;;;;OR;p1534 tab4, p1535 tab5;
10;20;yes;ChildCancer;Glioma;yes;0,1;16,9;7,61;1,49;38,3;0,95;2006;Neglia;0,33;0,07;1,71;;;;;;;;;;OR;p1534 tab4, p1535 tab5;
20;30;yes;ChildCancer;Glioma;yes;0,1;23,9;6,68;1,47;30,3;0,95;2006;Neglia;0,33;0,07;1,71;;;;;;;;;;OR;p1534 tab4, p1535 tab5;
30;45;yes;ChildCancer;Glioma;yes;0,1;38,6;21;3,11;142,3;0,95;2006;Neglia;0,33;0,07;1,71;;;;;;;;;;OR;p1534 tab4, p1535 tab5;
45;Inf;yes;ChildCancer;Glioma;yes;0,1;48,8;17,5;2,86;107,5;0,95;2006;Neglia;0,33;0,07;1,71;;;;;;;;;;OR;p1534 tab4, p1535 tab5;
0;10;yes;ChildCancer;Meningioma;yes;0,1;1,9;0;0;15,8;0,95;2006;Neglia;1,06;0,21;8,15;;;;;;;;;;OR;p1534 tab4, p1535 tab5;
10;20;yes;ChildCancer;Meningioma;yes;0,1;16,9;12;1,42;100,7;0,95;2006;Neglia;1,06;0,21;8,15;;;;;;;;;;OR;p1534 tab4, p1535 tab5;
20;30;yes;ChildCancer;Meningioma;yes;0,1;23,9;21,6;3,13;149,3;0,95;2006;Neglia;1,06;0,21;8,15;;;;;;;;;;OR;p1534 tab4, p1535 tab5;
30;45;yes;ChildCancer;Meningioma;yes;0,1;38,6;96,3;10,32;899,3;0,95;2006;Neglia;1,06;0,21;8,15;;;;;;;;;;OR;p1534 tab4, p1535 tab5;
45;Inf;yes;ChildCancer;Meningioma;yes;0,1;48,8;58;6,02;559;0,95;2006;Neglia;1,06;0,21;8,15;;;;;;;;;;OR;p1534 tab4, p1535 tab5;
0;4,3;yes;ChildSolid;CNS;yes;0;;2,42;1,34;4,39;0,95;2008;Nguyen;0,48;-0,04;0,99;;;;;;;;;;RR;p912 tab5;
4,3;7,5;yes;ChildSolid;CNS;yes;0;;2,78;1,37;5,63;0,95;2008;Nguyen;0,48;-0,04;0,99;;;;;;;;;;RR;p912 tab5;
7,5;34,5;yes;ChildSolid;CNS;yes;0;;4,85;2,52;9,31;0,95;2008;Nguyen;0,48;-0,04;0,99;;;;;;;;;;RR;p912 tab5;
0;0,2;no;ThyrHyperPlas;Thyroid;yes;0;;2,9;1,2;6,6;0,95;1993;Pottern;7;3;15;;;;;;;;;;OR;p456 tab3;
0,2;0,25;no;ThyrHyperPlas;Thyroid;yes;0;;1,7;0,7;3,7;0,95;1993;Pottern;7;3;15;;;;;;;;;;OR;p456 tab3;
0,25;0,3;no;ThyrHyperPlas;Thyroid;yes;0;;3;1,6;5,7;0,95;1993;Pottern;7;3;15;;;;;;;;;;OR;p456 tab3;
0,3;0,6;no;ThyrHyperPlas;Thyroid;yes;0;;4,1;1,7;9,6;0,95;1993;Pottern;7;3;15;;;;;;;;;;OR;p456 tab3;
0,05;0,25;no;DiagXray;Parotid;no;0,025;;1,6;0,84;3,05;0,95;1988;Preston-Martin;;;;;;;;;;;;;OR;p946 tab3;
0,25;0,5;no;DiagXray;Parotid;no;0,025;;2,2;0,8;5,99;0,95;1988;Preston-Martin;;;;;;;;;;;;;OR;p946 tab3;
0,5;Inf;no;DiagXray;Parotid;no;0,025;;5,6;2,36;13,04;0,95;1988;Preston-Martin;;;;;;;;;;;;;OR;p946 tab3;
1;1,3;yes;TineaCapitis;Brain;yes;0;1,2;3,4;;;0,95;1988;Ron;4,1;2,9;5,4;;;;;;;;;;OR;p1037 tab4;ERR from UNSCEAR 1994
1,3;1,4;yes;TineaCapitis;Brain;yes;0;1,35;4,1;;;0,95;1988;Ron;4,1;2,9;5,4;;;;;;;;;;OR;p1037 tab4;ERR from UNSCEAR 1994
1,4;2;yes;TineaCapitis;Brain;yes;0;1,55;5,2;;;0,95;1988;Ron;4,1;2,9;5,4;;;;;;;;;;OR;p1037 tab4;ERR from UNSCEAR 1994
2;3;yes;TineaCapitis;Brain;yes;0;2,65;21,1;;;0,95;1988;Ron;4,1;2,9;5,4;;;;;;;;;;OR;p1037 tab4;ERR from UNSCEAR 1994
3;6;yes;TineaCapitis;Brain;yes;0;3,54;10,2;;;0,95;1988;Ron;4,1;2,9;5,4;;;;;;;;;;OR;p1037 tab4;ERR from UNSCEAR 1994
0,04;0,08;yes;TineaCapitis;Thyroid;yes;0;0,062;3,3;;;0,95;1989;Ron;30,85;;;;;;;;;;;;RR;p521 tab3, tab4;
0,08;0,15;yes;TineaCapitis;Thyroid;yes;0;0,12;4,2;;;0,95;1989;Ron;30,85;;;;;;;;;;;;RR;p521 tab3, tab4;
0,15;0,5;yes;TineaCapitis;Thyroid;yes;0;0,214;6,1;;;0,95;1989;Ron;30,85;;;;;;;;;;;;RR;p521 tab3, tab4;
5,5;5,5;yes;TineaCapitis;Skin;yes;0;5,5;4,22;1,19;13,74;0,95;1991;Ron;0,28;;;;;;;;;;;;RR;p321 fig1, p322;
6,1;6,1;yes;TineaCapitis;Skin;yes;0;6,1;5,26;2,49;11,23;0,95;1991;Ron;0,28;;;;;;;;;;;;RR;p321 fig1, p322;
6,7;6,7;yes;TineaCapitis;Skin;yes;0;6,75;9,24;3,96;20,58;0,95;1991;Ron;0,28;;;;;;;;;;;;RR;p321 fig1, p322;
11,4;24,4;yes;TineaCapitis;Skin;yes;0;14,35;8,9;3,35;22,92;0,95;1991;Ron;0,28;;;;;;;;;;;;RR;p321 fig1, p322;
14;45;yes;Breast;Sarcoma;no;1,1;26,8;1,6;0,2;11;0,95;2005;Rubino;0,05;0;1,18;;;;;;;;;;OR;p281;
45;Inf;yes;Breast;Sarcoma;no;1,1;53;30,6;4,9;611;0,95;2005;Rubino;0,05;0;1,18;;;;;;;;;;OR;p281;
;;;TineaCapitis;Brain;yes;0;1,16;1,56;0,019;4,36;0,95;2005;Sadetzki;1,98;0,73;4,69;;;;;;;;;;RR;p428 fig1, p429 tab4;
;;;TineaCapitis;Brain;yes;0;1,32;1,35;0,019;3,94;0,95;2005;Sadetzki;1,98;0,73;4,69;;;;;;;;;;RR;p428 fig1, p429 tab4;
;;;TineaCapitis;Brain;yes;0;1,45;3,38;0,019;7,8;0,95;2005;Sadetzki;1,98;0,73;4,69;;;;;;;;;;RR;p428 fig1, p429 tab4;
;;;TineaCapitis;Brain;yes;0;1,57;9,06;0,089;11,02;0,95;2005;Sadetzki;1,98;0,73;4,69;;;;;;;;;;RR;p428 fig1, p429 tab4;
;;;TineaCapitis;Brain;yes;0;2,6;4,78;0;10,46;0,95;2005;Sadetzki;1,98;0,73;4,69;;;;;;;;;;RR;p428 fig1, p429 tab4;
0,5;0,6;no;HeadBenign;ThyrMale;yes;0,345;0,524;1,49;1;2,3;0,95;1993;Schneider;3;1;40;;;;;;;;;;RR;p365 tab2;
0,6;0,7;no;HeadBenign;ThyrMale;yes;0,345;0,643;1,8;1,1;3;0,95;1993;Schneider;3;1;40;;;;;;;;;;RR;p365 tab2;
0,7;0,8;no;HeadBenign;ThyrMale;yes;0,345;0,75;1,63;0,9;3;0,95;1993;Schneider;3;1;40;;;;;;;;;;RR;p365 tab2;
0,8;0,9;no;HeadBenign;ThyrMale;yes;0,345;0,838;1,09;0,4;3,1;0,95;1993;Schneider;3;1;40;;;;;;;;;;RR;p365 tab2;
0,9;1;no;HeadBenign;ThyrMale;yes;0,345;0,947;1,45;0,4;4,7;0,95;1993;Schneider;3;1;40;;;;;;;;;;RR;p365 tab2;
1;2;no;HeadBenign;ThyrMale;yes;0,345;1,215;2,33;1,3;4,3;0,95;1993;Schneider;3;1;40;;;;;;;;;;RR;p365 tab2;
2;Inf;no;HeadBenign;ThyrMale;yes;0,345;2,836;1,37;0,2;10,2;0,95;1993;Schneider;3;1;40;;;;;;;;;;RR;p365 tab2;
0,5;0,6;no;HeadBenign;ThyrFemale;yes;0,348;0,523;1,27;0,8;1,9;0,95;1993;Schneider;3;1;40;;;;;;;;;;RR;p365 tab2;
0,6;0,7;no;HeadBenign;ThyrFemale;yes;0,348;0,642;1,42;0,9;2,3;0,95;1993;Schneider;3;1;40;;;;;;;;;;RR;p365 tab2;
0,7;0,8;no;HeadBenign;ThyrFemale;yes;0,348;0,749;0,79;0,4;1,7;0,95;1993;Schneider;3;1;40;;;;;;;;;;RR;p365 tab2;
0,8;0,9;no;HeadBenign;ThyrFemale;yes;0,348;0,836;1,1;0,3;3,6;0,95;1993;Schneider;3;1;40;;;;;;;;;;RR;p365 tab2;
0,9;1;no;HeadBenign;ThyrFemale;yes;0,348;0,941;1,47;0,4;6,1;0,95;1993;Schneider;3;1;40;;;;;;;;;;RR;p365 tab2;
1;2;no;HeadBenign;ThyrFemale;yes;0,348;1,271;2,08;1,1;3,9;0,95;1993;Schneider;3;1;40;;;;;;;;;;RR;p365 tab2;
2;Inf;no;HeadBenign;ThyrFemale;yes;0,348;2,993;3,83;1,2;12,6;0,95;1993;Schneider;3;1;40;;;;;;;;;;RR;p365 tab2;
4;4,5;yes;HeadBenign;SalivaryMalign;yes;2;;1,04;0,3;3,1;0,95;1998;Schneider;-0,06;;4;;;;;;;;;;HR;P627, p628 tab3;
4,5;5;yes;HeadBenign;SalivaryMalign;yes;2;;1,79;0,6;5,7;0,95;1998;Schneider;-0,06;;4;;;;;;;;;;HR;P627, p628 tab3;
5;5,5;yes;HeadBenign;SalivaryMalign;yes;2;;1,41;0,6;5,7;0,95;1998;Schneider;-0,06;;4;;;;;;;;;;HR;P627, p628 tab3;
5,5;Inf;yes;HeadBenign;SalivaryMalign;yes;2;;0,45;0,1;3,6;0,95;1998;Schneider;-0,06;;4;;;;;;;;;;HR;P627, p628 tab3;
0;1;yes;ChildCancer;BoneSarcoma;yes;0;0,2;1,4;0,3;5,7;0,95;2014;Schwartz;1,77;0,6213;5,935;;;;;;;;;;HR;P387, p388 tab4;
1;5;yes;ChildCancer;BoneSarcoma;yes;0;2;7,3;1,6;32,3;0,95;2014;Schwartz;1,77;0,6213;5,935;;;;;;;;;;HR;P387, p388 tab4;
5;15;yes;ChildCancer;BoneSarcoma;yes;0;9,2;8,2;1,6;42,9;0,95;2014;Schwartz;1,77;0,6213;5,935;;;;;;;;;;HR;P387, p388 tab4;
15;30;yes;ChildCancer;BoneSarcoma;yes;0;21,5;38,4;11,3;130,5;0,95;2014;Schwartz;1,77;0,6213;5,935;;;;;;;;;;HR;P387, p388 tab4;
30;Inf;yes;ChildCancer;BoneSarcoma;yes;0;38,1;117,9;36,5;380,6;0,95;2014;Schwartz;1,77;0,6213;5,935;;;;;;;;;;HR;P387, p388 tab4;
0;0,25;yes;ThymHypPlas;Thyroid;yes;0;0,09;5;0,9;23;0,9;1993;Shore;9;4,2;21,7;;;;;;;;;;RR;p1072 tab2, p1073;
0,25;0,5;yes;ThymHypPlas;Thyroid;yes;0;0,36;12,4;2,9;53;0,9;1993;Shore;9;4,2;21,7;;;;;;;;;;RR;p1072 tab2, p1073;
0,5;2;yes;ThymHypPlas;Thyroid;yes;0;1,19;4,2;0,4;23;0,9;1993;Shore;9;4,2;21,7;;;;;;;;;;RR;p1072 tab2, p1073;
2;4;yes;ThymHypPlas;Thyroid;yes;0;2,53;21,8;9;57;0,9;1993;Shore;9;4,2;21,7;;;;;;;;;;RR;p1072 tab2, p1073;
4;6;yes;ThymHypPlas;Thyroid;yes;0;4,48;43,6;18;116;0,9;1993;Shore;9;4,2;21,7;;;;;;;;;;RR;p1072 tab2, p1073;
6;Inf;yes;ThymHypPlas;Thyroid;yes;0;7,69;63;21;189;0,9;1993;Shore;9;4,2;21,7;;;;;;;;;;RR;p1072 tab2, p1073;
;;;TineaCapitis;Skin;yes;;;;;;0,95;2002;Shore;1,7;0,6;6;;;;;;;;;;RR;p415;
0;10;yes;ChildCancer;Thyroid;yes;0;;1,1;0,4;3,3;0,95;2005;Sigurdson;;;;1,32;0,44;4,06;;;;;;;OR;p2017 tab3;
10;20;yes;ChildCancer;Thyroid;yes;0;;6,9;2,3;23,8;0,95;2005;Sigurdson;;;;1,32;0,44;4,06;;;;;;;OR;p2017 tab3;
20;30;yes;ChildCancer;Thyroid;yes;0;;9,8;3,2;34,8;0,95;2005;Sigurdson;;;;1,32;0,44;4,06;;;;;;;OR;p2017 tab3;
30;40;yes;ChildCancer;Thyroid;yes;0;;3,4;0,8;14,7;0,95;2005;Sigurdson;;;;1,32;0,44;4,06;;;;;;;OR;p2017 tab3;
40;Inf;yes;ChildCancer;Thyroid;yes;0;;1,6;0,3;7,8;0,95;2005;Sigurdson;;;;1,32;0,44;4,06;;;;;;;OR;p2017 tab3;
0;1;yes;Breast;Breast;no;0;;0,74;0,41;1,34;0,95;1992;Storm;;;;;;;;;;;;;;p1248 tab4;
1;2;yes;Breast;Breast;no;0;;1,05;0,66;1,69;0,95;1992;Storm;;;;;;;;;;;;;;p1248 tab4;
2;3;yes;Breast;Breast;no;0;;1,11;0,75;1,36;0,95;1992;Storm;;;;;;;;;;;;;;p1248 tab4;
3;Inf;yes;Breast;Breast;no;0;;0,86;0,54;1,37;0,95;1992;Storm;;;;;;;;;;;;;;p1248 tab4;
0;1;yes;Breast;Breast;no;0;;1,2;0,9;1,5;0,95;2008;Stovall;0;-0,1;1,2;;;;;;;;;;RR;p17 tab3;
1;Inf;yes;Breast;Breast;no;0;;1,2;1;1,6;0,95;2008;Stovall;0;-0,1;1,2;;;;;;;;;;RR;p17 tab3;
0;1;yes;ChildCancer;Solid;yes;0;;1,8;1,1;3,1;0,95;2006;Svahn-Tapper;0,28;0,13;0,59;;;;;;;;;;OR;P442 tab4, p443 tab5;model d
1;5;yes;ChildCancer;Solid;yes;0;;3,7;1,8;7,5;0,95;2006;Svahn-Tapper;0,28;0,13;0,59;;;;;;;;;;OR;P442 tab4, p443 tab5;model d
5;30;yes;ChildCancer;Solid;yes;0;;7,1;3,7;13,5;0,95;2006;Svahn-Tapper;0,28;0,13;0,59;;;;;;;;;;OR;P442 tab4, p443 tab5;model d
30;Inf;yes;ChildCancer;Solid;yes;0;;18,3;7,3;45,8;0,95;2006;Svahn-Tapper;0,28;0,13;0,59;;;;;;;;;;OR;P442 tab4, p443 tab5;model d
0;10;yes;ChildCancer;Meningioma;yes;0;0,88;1,8;0,8;39,3;0,95;2010;Taylor;5,1;0,7;107,7;;;;;;;;;;OR;p5290 tab3;
10;20;yes;ChildCancer;Meningioma;yes;0;15,17;8,4;6,4;10,7;0,95;2010;Taylor;5,1;0,7;107,7;;;;;;;;;;OR;p5290 tab3;
20;30;yes;ChildCancer;Meningioma;yes;0;23,29;51,6;5,5;69,5;0,95;2010;Taylor;5,1;0,7;107,7;;;;;;;;;;OR;p5290 tab3;
30;40;yes;ChildCancer;Meningioma;yes;0;34,66;567,9;29,3;773,6;0,95;2010;Taylor;5,1;0,7;107,7;;;;;;;;;;OR;p5290 tab3;
40;Inf;yes;ChildCancer;Meningioma;yes;0;43,38;479,1;25;657,2;0,95;2010;Taylor;5,1;0,7;107,7;;;;;;;;;;OR;p5290 tab3;
0;10;yes;ChildCancer;Glioma;yes;0;0,79;0,5;0,2;1,5;0,95;2010;Taylor;0,079;0,021;0,229;;;;;;;;;;OR;p5290 tab3;
10;20;yes;ChildCancer;Glioma;yes;0;17,48;0,5;0,1;2,3;0,95;2010;Taylor;0,079;0,021;0,229;;;;;;;;;;OR;p5290 tab3;
20;30;yes;ChildCancer;Glioma;yes;0;23,84;2,6;0,9;8;0,95;2010;Taylor;0,079;0,021;0,229;;;;;;;;;;OR;p5290 tab3;
30;40;yes;ChildCancer;Glioma;yes;0;34;3,4;0,5;23;0,95;2010;Taylor;0,079;0,021;0,229;;;;;;;;;;OR;p5290 tab3;
40;Inf;yes;ChildCancer;Glioma;yes;0;46,43;4,4;1,2;16,4;0,95;2010;Taylor;0,079;0,021;0,229;;;;;;;;;;OR;p5290 tab3;
7,5;10;yes;Testicular;Leukemia;no;3,75;;3,5;0,6;27;0,95;2000;Travis;0,37;0,12;1,3;;;;;;;;;;OR;P1166, p1168 tab3;
10;15;yes;Testicular;Leukemia;no;3,75;;2,4;0,4;20;0,95;2000;Travis;0,37;0,12;1,3;;;;;;;;;;OR;P1166, p1168 tab3;
15;20;yes;Testicular;Leukemia;no;3,75;;4,9;0,5;57;0,95;2000;Travis;0,37;0,12;1,3;;;;;;;;;;OR;P1166, p1168 tab3;
20;Inf;yes;Testicular;Leukemia;no;3,75;;19,7;1,5;590;0,95;2000;Travis;0,37;0,12;1,3;;;;;;;;;;OR;P1166, p1168 tab3;
0;5;yes;Hodgkin;Lung;no;0;;1,3;0,3;4,9;0,95;2002;Travis;;;;;;;;;;;;;OR;p186 tab2;
5;15;yes;Hodgkin;Lung;no;0;;4,1;0,7;22;0,95;2002;Travis;;;;;;;;;;;;;OR;p186 tab2;
15;30;yes;Hodgkin;Lung;no;0;;2,5;0,1;16,1;0,95;2002;Travis;;;;;;;;;;;;;OR;p186 tab2;
30;40;yes;Hodgkin;Lung;no;0;;8,6;2,9;30;0,95;2002;Travis;;;;;;;;;;;;;OR;p186 tab2;
40;Inf;yes;Hodgkin;Lung;no;0;;7,2;2,2;28;0,95;2002;Travis;;;;;;;;;;;;;OR;p186 tab2;
4;7;yes;Hodgkin;Breast;no;3,2;4,6;1,8;0,7;4,5;0,95;2003;Travis;0,049;0,004;0,34;;;;;;;;;;OR;p469 tab2, p470;
7;23,1;yes;Hodgkin;Breast;no;3,2;21;4,1;1,4;12,3;0,95;2003;Travis;0,049;0,004;0,34;;;;;;;;;;OR;p469 tab2, p470;
23,2;27,9;yes;Hodgkin;Breast;no;3,2;24,5;2;0,7;5,9;0,95;2003;Travis;0,049;0,004;0,34;;;;;;;;;;OR;p469 tab2, p470;
28;37,1;yes;Hodgkin;Breast;no;3,2;35,2;6,8;2,3;22,3;0,95;2003;Travis;0,049;0,004;0,34;;;;;;;;;;OR;p469 tab2, p470;
37,2;40,4;yes;Hodgkin;Breast;no;3,2;39,8;4;1,3;13,4;0,95;2003;Travis;0,049;0,004;0,34;;;;;;;;;;OR;p469 tab2, p470;
40,5;61,3;yes;Hodgkin;Breast;no;3,2;41,7;8;2,6;26,4;0,95;2003;Travis;0,049;0,004;0,34;;;;;;;;;;OR;p469 tab2, p470;
;;yes;PituitaryAdenoma;Glioma;no;;;;;;0,95;1993;Tsang;0,37;0,08;0,98;;;;;;;;;;RR;p2230;
0;10;yes;ChildCancer;BoneSarcoma;yes;0;;0,6;;;;1987;Tucker_A;;;;;;;;;;;;;OR;p591 tab2;
10;30;yes;ChildCancer;BoneSarcoma;yes;0;;6;;;;1987;Tucker_A;;;;;;;;;;;;;OR;p591 tab2;
30;40;yes;ChildCancer;BoneSarcoma;yes;0;;16,9;;;;1987;Tucker_A;;;;;;;;;;;;;OR;p591 tab2;
40;60;yes;ChildCancer;BoneSarcoma;yes;0;;21,2;;;;1987;Tucker_A;;;;;;;;;;;;;OR;p591 tab2;
60;Inf;yes;ChildCancer;BoneSarcoma;yes;0;;38,3;;;;1987;Tucker_A;;;;;;;;;;;;;OR;p591 tab2;
0;2,5;yes;ChildCancer;Leukemia;yes;1,25;;1,2;;;;1987;Tucker_B;;;;;;;;;;;;;OR;p461 tab2;
2,5;10;yes;ChildCancer;Leukemia;yes;1,25;;0,2;;;;1987;Tucker_B;;;;;;;;;;;;;OR;p461 tab2;
10;15;yes;ChildCancer;Leukemia;yes;1,25;;1,5;;;;1987;Tucker_B;;;;;;;;;;;;;OR;p461 tab2;
15;20;yes;ChildCancer;Leukemia;yes;1,25;;1;;;;1987;Tucker_B;;;;;;;;;;;;;OR;p461 tab2;
20;Inf;yes;ChildCancer;Leukemia;yes;1,25;;0,1;;;;1987;Tucker_B;;;;;;;;;;;;;OR;p461 tab2;
2;10;yes;ChildCancer;Thyroid;yes;1;;13,1;1,5;114;0,95;1991;Tucker;;;;;;;;;;;;;OR;p2886 tab2;
10;30;yes;ChildCancer;Thyroid;yes;1;;12,1;1,3;117;0,95;1991;Tucker;;;;;;;;;;;;;OR;p2886 tab2;
30;Inf;yes;ChildCancer;Thyroid;yes;1;;17,6;1,4;226;0,95;1991;Tucker;;;;;;;;;;;;;OR;p2886 tab2;
0;10;yes;ChildSolid;DigestOrgan;yes;0;;1,1;0,4;2,6;0,95;2012;Tukenova;0,13;0,05;0,32;;;;;;;;;;OR;pe386, pe388 fig3;
10;30;yes;ChildSolid;DigestOrgan;yes;0;;5,2;1,7;16;0,95;2012;Tukenova;0,13;0,05;0,32;;;;;;;;;;OR;pe386, pe388 fig3;
30;Inf;yes;ChildSolid;DigestOrgan;yes;0;;9,6;2,6;35,2;0,95;2012;Tukenova;0,13;0,05;0,32;;;;;;;;;;OR;pe386, pe388 fig3;
0;10;yes;ChildSolid;DigestTract;yes;0;;0,9;0,3;2,7;0,95;2012;Tukenova;;;;;;;;;;;;;OR;pe386, pe388 fig3;
10;30;yes;ChildSolid;DigestTract;yes;0;;8,1;1,6;40,2;0,95;2012;Tukenova;;;;;;;;;;;;;OR;pe386, pe388 fig3;
30;Inf;yes;ChildSolid;DigestTract;yes;0;;12,2;2,1;71,5;0,95;2012;Tukenova;;;;;;;;;;;;;OR;pe386, pe388 fig3;
10;20;yes;Hodgkin;Stomach;no;5;;2,9;1,2;7,2;0,95;2009;vanDenBelt;0,84;0,12;15,6;;;;;;;;;;RR;p1427 tab5;
20;Inf;yes;Hodgkin;Stomach;no;5;;9,9;3,2;31,2;0,95;2009;vanDenBelt;0,84;0,12;15,6;;;;;;;;;;RR;p1427 tab5;
1;5;yes;Hodgkin;Lung;yes;0,5;;2,9;0,32;26;0,95;1995;vanLeeuwen;;;;;;;;;;;;;OR;p1533 tab2;
5;9;yes;Hodgkin;Lung;yes;0,5;;6,3;0,71;56;0,95;1995;vanLeeuwen;;;;;;;;;;;;;OR;p1533 tab2;
9;Inf;yes;Hodgkin;Lung;yes;0,5;;8,9;0,86;91;0,95;1995;vanLeeuwen;;;;;;;;;;;;;OR;p1533 tab2;
4;23,2;yes;Hodgkin;Breast;yes;3,6;15,5;1,2;0,35;4,19;0,95;2003;vanLeeuwen;;;;;;;;;;;;;OR;p1533 tab2;
24;38,2;yes;Hodgkin;Breast;yes;3,6;30,2;4,91;1,06;22,8;0,95;2003;vanLeeuwen;;;;;;;;;;;;;OR;p1533 tab2;
38,5;56;yes;Hodgkin;Breast;yes;3,6;40,7;8,18;1,64;40,8;0,95;2003;vanLeeuwen;;;;;;;;;;;;;OR;p1533 tab2;
0;2;yes;ChildCancer;Thyroid;yes;0;0,5;1,9;1;3,7;0,95;2012;Veiga-Pool;;;;2,38;1,2;4,6;-0,0628;;;;;;RR;p18 tab4, p20 tab5;
2;5;yes;ChildCancer;Thyroid;yes;0;3,2;7,4;3,3;16,4;0,95;2012;Veiga-Pool;;;;2,38;1,2;4,6;-0,0628;;;;;;RR;p18 tab4, p20 tab5;
5;10;yes;ChildCancer;Thyroid;yes;0;7,3;14,9;7,1;31,4;0,95;2012;Veiga-Pool;;;;2,38;1,2;4,6;-0,0628;;;;;;RR;p18 tab4, p20 tab5;
10;20;yes;ChildCancer;Thyroid;yes;0;14,8;14,8;7,8;28,3;0,95;2012;Veiga-Pool;;;;2,38;1,2;4,6;-0,0628;;;;;;RR;p18 tab4, p20 tab5;
20;30;yes;ChildCancer;Thyroid;yes;0;24,3;15,2;7,8;28,4;0,95;2012;Veiga-Pool;;;;2,38;1,2;4,6;-0,0628;;;;;;RR;p18 tab4, p20 tab5;
30;40;yes;ChildCancer;Thyroid;yes;0;35,5;9,3;4,3;20,3;0,95;2012;Veiga-Pool;;;;2,38;1,2;4,6;-0,0628;;;;;;RR;p18 tab4, p20 tab5;
40;Inf;yes;ChildCancer;Thyroid;yes;0;46,1;5,1;2,2;11,9;0,95;2012;Veiga-Pool;;;;2,38;1,2;4,6;-0,0628;;;;;;RR;p18 tab4, p20 tab5;
0;2;yes;ChildCancer;Thyroid;yes;0;0,6;1,2;0,5;2,7;0,95;2012;Veiga-US;;;;1,44;0,7;3;-0,0013;;;;;;RR;p18 tab4, p20 tab5;
2;5;yes;ChildCancer;Thyroid;yes;0;3,1;4;1,1;14,7;0,95;2012;Veiga-US;;;;1,44;0,7;3;-0,0013;;;;;;RR;p18 tab4, p20 tab5;
5;10;yes;ChildCancer;Thyroid;yes;0;7,4;9;3,1;26,4;0,95;2012;Veiga-US;;;;1,44;0,7;3;-0,0013;;;;;;RR;p18 tab4, p20 tab5;
10;20;yes;ChildCancer;Thyroid;yes;0;14,7;12,1;5,7;25,6;0,95;2012;Veiga-US;;;;1,44;0,7;3;-0,0013;;;;;;RR;p18 tab4, p20 tab5;
20;30;yes;ChildCancer;Thyroid;yes;0;24,3;14,3;6,7;30,4;0,95;2012;Veiga-US;;;;1,44;0,7;3;-0,0013;;;;;;RR;p18 tab4, p20 tab5;
30;40;yes;ChildCancer;Thyroid;yes;0;35,5;8,9;3,6;22;0,95;2012;Veiga-US;;;;1,44;0,7;3;-0,0013;;;;;;RR;p18 tab4, p20 tab5;
40;Inf;yes;ChildCancer;Thyroid;yes;0;45,7;4,3;1,5;12,2;0,95;2012;Veiga-US;;;;1,44;0,7;3;-0,0013;;;;;;RR;p18 tab4, p20 tab5;
0;2;yes;ChildCancer;Thyroid;yes;0;0,4;2;0,6;7,4;0,95;2012;Veiga-FrUK;;;;1,05;0,3;3,4;-0,0599;;;;;;RR;p18 tab4, p20 tab5;
2;5;yes;ChildCancer;Thyroid;yes;0;3,2;6,9;1,6;29,1;0,95;2012;Veiga-FrUK;;;;1,05;0,3;3,4;-0,0599;;;;;;RR;p18 tab4, p20 tab5;
5;10;yes;ChildCancer;Thyroid;yes;0;7,2;13,9;3,6;53,5;0,95;2012;Veiga-FrUK;;;;1,05;0,3;3,4;-0,0599;;;;;;RR;p18 tab4, p20 tab5;
10;20;yes;ChildCancer;Thyroid;yes;0;15;5,9;1,3;26,3;0,95;2012;Veiga-FrUK;;;;1,05;0,3;3,4;-0,0599;;;;;;RR;p18 tab4, p20 tab5;
20;30;yes;ChildCancer;Thyroid;yes;0;24,4;8,6;2;36,6;0,95;2012;Veiga-FrUK;;;;1,05;0,3;3,4;-0,0599;;;;;;RR;p18 tab4, p20 tab5;
30;40;yes;ChildCancer;Thyroid;yes;0;35,5;7,3;1,3;39,9;0,95;2012;Veiga-FrUK;;;;1,05;0,3;3,4;-0,0599;;;;;;RR;p18 tab4, p20 tab5;
40;Inf;yes;ChildCancer;Thyroid;yes;0;49,6;6,6;1;43,2;0,95;2012;Veiga-FrUK;;;;1,05;0,3;3,4;-0,0599;;;;;;RR;p18 tab4, p20 tab5;
2;10;yes;ChildCancer;Thyroid;yes;0,71;5,8;6,1;1,4;27,2;0,95;2012;Veiga-LESG;;;;1,49;0,1;44,1;-0,0498;;;;;;RR;p18 tab4, p20 tab5;
10;30;yes;ChildCancer;Thyroid;yes;0,71;20,2;6,1;1,4;27,2;0,95;2012;Veiga-LESG;;;;1,49;0,1;44,1;-0,0498;;;;;;RR;p18 tab4, p20 tab5;
30;Inf;yes;ChildCancer;Thyroid;yes;0,71;45,7;5,4;1,1;27,2;0,95;2012;Veiga-LESG;;;;1,49;0,1;44,1;-0,0498;;;;;;RR;p18 tab4, p20 tab5;
2;10;yes;ChildCancer;Thyroid;yes;0,26;4,9;4;0,4;43,1;0,95;2012;Veiga-Nordic;;;;2,47;0;18;-0,0731;;;;;;RR;p18 tab4, p20 tab5;
10;30;yes;ChildCancer;Thyroid;yes;0,26;24,1;9,3;1,1;76,7;0,95;2012;Veiga-Nordic;;;;2,47;0;18;-0,0731;;;;;;RR;p18 tab4, p20 tab5;
30;Inf;yes;ChildCancer;Thyroid;yes;0,26;48,9;3,1;0,07;149,1;0,95;2012;Veiga-Nordic;;;;2,47;0;18;-0,0731;;;;;;RR;p18 tab4, p20 tab5;
;;yes;Spondylitis;Prostate;no;0;0,013;1,122;0,345;2,647;0,95;1994;Weiss;;;;;;;;;;;;;RR;p334 fig2;
;;yes;Spondylitis;Prostate;no;0;1,635;1,324;1,007;1,727;0,95;1994;Weiss;;;;;;;;;;;;;RR;p334 fig2;
;;yes;Spondylitis;Prostate;no;0;2,061;1,583;1,065;2,273;0,95;1994;Weiss;;;;;;;;;;;;;RR;p334 fig2;
;;yes;Spondylitis;Prostate;no;0;3,838;0,978;0,374;1,928;0,95;1994;Weiss;;;;;;;;;;;;;RR;p334 fig2;
;;yes;Spondylitis;Prostate;no;0;4,684;1,094;0,374;2,302;0,95;1994;Weiss;;;;;;;;;;;;;RR;p334 fig2;
;;yes;Spondylitis;Colon;no;0;0,006;0,711;0,237;1,63;0,95;1994;Weiss;;;;;;;;;;;;;RR;p334 fig2;
;;yes;Spondylitis;Colon;no;0;3,028;1,215;0,948;1,541;0,95;1994;Weiss;;;;;;;;;;;;;RR;p334 fig2;
;;yes;Spondylitis;Colon;no;0;3,943;1,511;1,096;2,074;0,95;1994;Weiss;;;;;;;;;;;;;RR;p334 fig2;
;;yes;Spondylitis;Colon;no;0;5,587;0,919;0,444;1,719;0,95;1994;Weiss;;;;;;;;;;;;;RR;p334 fig2;
;;yes;Spondylitis;Colon;no;0;7,347;1,57;0,8;2,756;0,95;1994;Weiss;;;;;;;;;;;;;RR;p334 fig2;
;;yes;Spondylitis;Esophagus;no;0;0,01;1,122;0,23;3,281;0,95;1994;Weiss;;;;;;;;;;;;;RR;p334 fig2;
;;yes;Spondylitis;Esophagus;no;0;4,724;2,014;1,496;2,676;0,95;1994;Weiss;;;;;;;;;;;;;RR;p334 fig2;
;;yes;Spondylitis;Esophagus;no;0;5,59;1,727;1,007;2,705;0,95;1994;Weiss;;;;;;;;;;;;;RR;p334 fig2;
;;yes;Spondylitis;Esophagus;no;0;6,572;2,158;1,007;4,029;0,95;1994;Weiss;;;;;;;;;;;;;RR;p334 fig2;
;;yes;Spondylitis;Esophagus;no;0;7,764;1,871;0,662;4;0,95;1994;Weiss;;;;;;;;;;;;;RR;p334 fig2;
;;yes;Spondylitis;Stomach;no;0;0,004;0,681;0,237;1,422;0,95;1994;Weiss;;;;;;;;;;;;;RR;p334 fig2;
;;yes;Spondylitis;Stomach;no;0;2,59;1,007;0,8;1,244;0,95;1994;Weiss;;;;;;;;;;;;;RR;p334 fig2;
;;yes;Spondylitis;Stomach;no;0;3,091;0,889;0,622;1,244;0,95;1994;Weiss;;;;;;;;;;;;;RR;p334 fig2;
;;yes;Spondylitis;Stomach;no;0;3,522;0,859;0,444;1,452;0,95;1994;Weiss;;;;;;;;;;;;;RR;p334 fig2;
;;yes;Spondylitis;Stomach;no;0;4,458;1,333;0,741;2,193;0,95;1994;Weiss;;;;;;;;;;;;;RR;p334 fig2;
;;yes;Spondylitis;Bladder;no;0;0,006;0,934;0,175;2,686;0,95;1994;Weiss;;;;;;;;;;;;;RR;p334 fig2;
;;yes;Spondylitis;Bladder;no;0;1,618;1,48;1,071;2,005;0,95;1994;Weiss;;;;;;;;;;;;;RR;p334 fig2;
;;yes;Spondylitis;Bladder;no;0;2,063;1,419;0,835;2,236;0,95;1994;Weiss;;;;;;;;;;;;;RR;p334 fig2;
;;yes;Spondylitis;Bladder;no;0;3,803;1,934;0,941;3,54;0,95;1994;Weiss;;;;;;;;;;;;;RR;p334 fig2;
;;yes;Spondylitis;Bladder;no;0;4,669;1,462;0,528;3,155;0,95;1994;Weiss;;;;;;;;;;;;;RR;p334 fig2;
;;yes;Spondylitis;Pancreas;no;0;0,001;0,73;0,175;2,015;0,95;1994;Weiss;;;;;;;;;;;;;RR;p334 fig2;
;;yes;Spondylitis;Pancreas;no;0;3,744;1,532;1,123;1,999;0,95;1994;Weiss;;;;;;;;;;;;;RR;p334 fig2;
;;yes;Spondylitis;Pancreas;no;0;4,406;1,733;1,091;2,493;0,95;1994;Weiss;;;;;;;;;;;;;RR;p334 fig2;
;;yes;Spondylitis;Pancreas;no;0;5,036;2,023;1,059;3,512;0,95;1994;Weiss;;;;;;;;;;;;;RR;p334 fig2;
;;yes;Spondylitis;Pancreas;no;0;6,08;0,5;0,091;1,581;0,95;1994;Weiss;;;;;;;;;;;;;RR;p334 fig2;
;;yes;Spondylitis;Lung;no;0;0,024;0,812;0,522;1,217;0,95;1994;Weiss;0,05;0,002;0,09;;;;;;;;;;RR;p334 fig2, p335 tab8;
;;yes;Spondylitis;Lung;no;0;7,544;1,101;0,986;1,246;0,95;1994;Weiss;0,05;0,002;0,09;;;;;;;;;;RR;p334 fig2, p335 tab8;
;;yes;Spondylitis;Lung;no;0;9,412;1,275;1,072;1,478;0,95;1994;Weiss;0,05;0,002;0,09;;;;;;;;;;RR;p334 fig2, p335 tab8;
;;yes;Spondylitis;Lung;no;0;10,497;1,406;1,116;1,783;0,95;1994;Weiss;0,05;0,002;0,09;;;;;;;;;;RR;p334 fig2, p335 tab8;
;;yes;Spondylitis;Lung;no;0;12,535;1,246;0,928;1,667;0,95;1994;Weiss;0,05;0,002;0,09;;;;;;;;;;RR;p334 fig2, p335 tab8;
0;1;yes;Spondylitis;Leukemia;no;0;;6,58;2,22;15,98;0,95;1995;Weiss;0,44;;;12,37;2,25;52,07;0,63;;;;;;RR;p6 tab6, tab7, p8 tab8;model 7
1;2;yes;Spondylitis;Leukemia;no;0;;3,12;0,29;4,1;0,95;1995;Weiss;0,44;;;12,37;2,25;52,07;0,63;;;;;;RR;p6 tab6, tab7, p8 tab8;
2;3;yes;Spondylitis;Leukemia;no;0;;1,43;0,31;4,43;0,95;1995;Weiss;0,44;;;12,37;2,25;52,07;0,63;;;;;;RR;p6 tab6, tab7, p8 tab8;
3;4;yes;Spondylitis;Leukemia;no;0;;4,22;2,22;7,95;0,95;1995;Weiss;0,44;;;12,37;2,25;52,07;0,63;;;;;;RR;p6 tab6, tab7, p8 tab8;
4;5;yes;Spondylitis;Leukemia;no;0;;1,48;0,41;3,86;0,95;1995;Weiss;0,44;;;12,37;2,25;52,07;0,63;;;;;;RR;p6 tab6, tab7, p8 tab8;
5;6;yes;Spondylitis;Leukemia;no;0;;3,94;1,87;7,77;0,95;1995;Weiss;0,44;;;12,37;2,25;52,07;0,63;;;;;;RR;p6 tab6, tab7, p8 tab8;
6;7;yes;Spondylitis;Leukemia;no;0;;3,49;1,65;6,83;0,95;1995;Weiss;0,44;;;12,37;2,25;52,07;0,63;;;;;;RR;p6 tab6, tab7, p8 tab8;
7;Inf;yes;Spondylitis;Leukemia;no;0;;3,13;1,06;7,59;0,95;1995;Weiss;0,44;;;12,37;2,25;52,07;0,63;;;;;;RR;p6 tab6, tab7, p8 tab8;
5;10;yes;Retinoblastoma;Sarcoma;yes;2,5;;1,9;1,4;2,6;0,95;1997;Wong;0,191;0,136;0,315;;;;;;;;;;OR;p1266 tab4;
10;30;yes;Retinoblastoma;Sarcoma;yes;2,5;;3,7;2,8;4,5;0,95;1997;Wong;0,191;0,136;0,315;;;;;;;;;;OR;p1266 tab4;
30;60;yes;Retinoblastoma;Sarcoma;yes;2,5;;4,5;3,7;5,6;0,95;1997;Wong;0,191;0,136;0,315;;;;;;;;;;OR;p1266 tab4;
60;Inf;yes;Retinoblastoma;Sarcoma;yes;2,5;;10,7;8,6;14,5;0,95;1997;Wong;0,191;0,136;0,315;;;;;;;;;;OR;p1266 tab4;
0;2;yes;PepticUlcer;CoronaryHD;no;0;1,6;1;0,76;1,33;0,95;2005;Carr;;;;;;;;;;;;;HR;p846 tab3;
2;2,5;yes;PepticUlcer;CoronaryHD;no;0;2,3;1,23;0,94;1,61;0,95;2005;Carr;;;;;;;;;;;;;HR;p846 tab3;
2,5;3;yes;PepticUlcer;CoronaryHD;no;0;2,8;1,54;1,15;2,06;0,95;2005;Carr;;;;;;;;;;;;;HR;p846 tab3;
3;7,6;yes;PepticUlcer;CoronaryHD;no;0;3,9;1,51;1,15;1,99;0,95;2005;Carr;;;;;;;;;;;;;HR;p846 tab3;
0;30;yes;Hodgkin;Valvular;no;0;22,9;1,4;0,5;3,8;0,95;2015;Cutter;;;;0,00664;0,000051;0,1473;0,07531;0,007243;0,1774;;;;OR;p7 tab4, p8 fig3, suppl;
31;35;yes;Hodgkin;Valvular;no;0;34;3,1;1,7;5,6;0,95;2015;Cutter;;;;0,00664;0,000051;0,1473;0,07531;0,007243;0,1774;;;;OR;p7 tab4, p8 fig3, suppl;
36;40;yes;Hodgkin;Valvular;no;0;38,8;5,4;3,9;7,7;0,95;2015;Cutter;;;;0,00664;0,000051;0,1473;0,07531;0,007243;0,1774;;;;OR;p7 tab4, p8 fig3, suppl;
40;Inf;yes;Hodgkin;Valvular;no;0;42,2;11,8;4,9;28,5;0,95;2015;Cutter;;;;0,00664;0,000051;0,1473;0,07531;0,007243;0,1774;;;;OR;p7 tab4, p8 fig3, suppl;
0;2;yes;Breast;Ischaemic;no;0;1,4;1,1;0,91;1,33;0,95;2013;Darby;0,074;0,029;0,145;;;;;;;;;;OR;p992, p993 fig1;
2;5;yes;Breast;Ischaemic;no;0;3,4;1,3;1,14;1,49;0,95;2013;Darby;0,074;0,029;0,145;;;;;;;;;;OR;p992, p993 fig1;
5;10;yes;Breast;Ischaemic;no;0;6,5;1,4;1,15;1,72;0,95;2013;Darby;0,074;0,029;0,145;;;;;;;;;;OR;p992, p993 fig1;
10;Inf;yes;Breast;Ischaemic;no;0;15,8;2,16;1,59;2,95;0,95;2013;Darby;0,074;0,029;0,145;;;;;;;;;;OR;p992, p993 fig1;
;;yes;ChildCancer;CardiacFail;yes;;;;;;0,95;2006;Guldner;0,09;-0,02;0,3;;;;;;;;;;HR;p52 tab5;
10;20;yes;Wilms;CongHeartFail;yes;0;;1,5;0,6;3,9;0,95;2001;Green;0,06;0,01;0,17;;;;;;;;;;OR;p1930 tab3, tab4;
20;Inf;yes;Wilms;CongHeartFail;yes;0;;4,3;0,8;24;0,95;2001;Green;0,06;0,01;0,17;;;;;;;;;;OR;p1930 tab3, tab4;
0;30;yes;Hodgkin;HeartMort;no;0;17;2,6;0,4;8,7;0,95;1993;Hancock_B;;;;;;;;;;;;;RR;p1951 tab3;
30;Inf;yes;Hodgkin;HeartMort;no;0;39;3,5;2,7;4,3;0,95;1993;Hancock_B;;;;;;;;;;;;;RR;p1951 tab3;
1,2;3,8;yes;Breast;MyocInf;no;0;3;1,76;0,88;3,51;0,95;2007;Hooning_<80;;;;;;;;;;;;;HR;p371 tab4;Therapy date
2,5;9;yes;Breast;MyocInf;no;0;7;2,72;1,38;5,38;0,95;2007;Hooning_<80;;;;;;;;;;;;;HR;p371 tab4;Therapy date
0,5;11,6;yes;Breast;MyocInf;no;0;7;2,59;1,46;4,61;0,95;2007;Hooning_<80;;;;;;;;;;;;;HR;p371 tab4;Therapy date
0,7;15,6;yes;Breast;MyocInf;no;0;9;2;1,12;3,58;0,95;2007;Hooning_<80;;;;;;;;;;;;;HR;p371 tab4;Therapy date
2,7;15,4;yes;Breast;MyocInf;no;0;11;4,77;2,43;9,35;0,95;2007;Hooning_<80;;;;;;;;;;;;;HR;p371 tab4;Therapy date
4,7;18,3;yes;Breast;MyocInf;no;0;15;2,59;1,29;5,18;0,95;2007;Hooning_<80;;;;;;;;;;;;;HR;p371 tab4;Therapy date
1,2;3,8;yes;Breast;CongHeartFail;no;0;3;0,69;0,57;1,63;0,95;2007;Hooning_<80;;;;;;;;;;;;;HR;p371 tab4;Therapy date
2,5;9;yes;Breast;CongHeartFail;no;0;7;1,1;0,64;1,92;0,95;2007;Hooning_<80;;;;;;;;;;;;;HR;p371 tab4;Therapy date
0,5;11,6;yes;Breast;CongHeartFail;no;0;7;1,44;0,94;2,2;0,95;2007;Hooning_<80;;;;;;;;;;;;;HR;p371 tab4;Therapy date
0,7;15,6;yes;Breast;CongHeartFail;no;0;9;1,61;1,08;2,41;0,95;2007;Hooning_<80;;;;;;;;;;;;;HR;p371 tab4;Therapy date
2,7;15,4;yes;Breast;CongHeartFail;no;0;11;2,15;1,28;3,6;0,95;2007;Hooning_<80;;;;;;;;;;;;;HR;p371 tab4;Therapy date
4,7;18,3;yes;Breast;CongHeartFail;no;0;15;2,29;1,44;3,65;0,95;2007;Hooning_<80;;;;;;;;;;;;;HR;p371 tab4;Therapy date
1,2;1,6;yes;Breast;MyocInf;no;0;1,5;0,71;0,29;1,74;0,95;2007;Hooning_>80;;;;;;;;;;;;;HR;p371 tab4;Therapy date
2,5;5,3;yes;Breast;MyocInf;no;0;5;0,79;0,36;1,72;0,95;2007;Hooning_>80;;;;;;;;;;;;;HR;p371 tab4;Therapy date
0,5;11,6;yes;Breast;MyocInf;no;0;6;0,95;0,46;1,93;0,95;2007;Hooning_>80;;;;;;;;;;;;;HR;p371 tab4;Therapy date
0,7;15,6;yes;Breast;MyocInf;no;0;7;0,94;0,46;1,91;0,95;2007;Hooning_>80;;;;;;;;;;;;;HR;p371 tab4;Therapy date
2,5;14;yes;Breast;MyocInf;no;0;9;0,8;0,36;1,78;0,95;2007;Hooning_>80;;;;;;;;;;;;;HR;p371 tab4;Therapy date
4;19,9;yes;Breast;MyocInf;no;0;13;0,67;0,3;1,52;0,95;2007;Hooning_>80;;;;;;;;;;;;;HR;p371 tab4;Therapy date
1,2;1,6;yes;Breast;CongHeartFail;no;0;1,5;0,8;0,28;2,29;0,95;2007;Hooning_>80;;;;;;;;;;;;;HR;p371 tab4;Therapy date
2,5;5,3;yes;Breast;CongHeartFail;no;0;5;1,16;0,48;2,79;0,95;2007;Hooning_>80;;;;;;;;;;;;;HR;p371 tab4;Therapy date
0,5;11,6;yes;Breast;CongHeartFail;no;0;6;1,43;0,65;3,16;0,95;2007;Hooning_>80;;;;;;;;;;;;;HR;p371 tab4;Therapy date
0,7;15,6;yes;Breast;CongHeartFail;no;0;7;1,81;0,84;3,92;0,95;2007;Hooning_>80;;;;;;;;;;;;;HR;p371 tab4;Therapy date
2,5;14;yes;Breast;CongHeartFail;no;0;9;2,82;1,27;6,29;0,95;2007;Hooning_>80;;;;;;;;;;;;;HR;p371 tab4;Therapy date
4;19,9;yes;Breast;CongHeartFail;no;0;13;2,52;1,13;6,62;0,95;2007;Hooning_>80;;;;;;;;;;;;;HR;p371 tab4;Therapy date
;;yes;PepticUlcer;Ischaemic;no;0;1,67;0,97;0,79;1,78;0,95;2012;Little;0,102;0,039;0,174;;;;;;;;;;RR;p12 tab3;
;;yes;PepticUlcer;Ischaemic;no;0;2,3;1,11;0,87;1,39;0,95;2012;Little;0,102;0,039;0,174;;;;;;;;;;RR;p12 tab3;
;;yes;PepticUlcer;Ischaemic;no;0;2,75;1,65;1,3;2;0,95;2012;Little;0,102;0,039;0,174;;;;;;;;;;RR;p12 tab3;
;;yes;PepticUlcer;Ischaemic;no;0;3,66;1,53;1,21;1,92;0,95;2012;Little;0,102;0,039;0,174;;;;;;;;;;RR;p12 tab3;
0;5;yes;ChildCancer;CongHeartFail;yes;0;;0,9;0,6;1,4;0,95;2009;Mulrooney;;;;;;;;;;;;;HR;p7 tab5;
5;15;yes;ChildCancer;CongHeartFail;yes;0;;1,3;0,7;2,5;0,95;2009;Mulrooney;;;;;;;;;;;;;HR;p7 tab5;
15;35;yes;ChildCancer;CongHeartFail;yes;0;;2,2;1,4;3,5;0,95;2009;Mulrooney;;;;;;;;;;;;;HR;p7 tab5;
35;Inf;yes;ChildCancer;CongHeartFail;yes;0;;4,5;2,8;7,2;0,95;2009;Mulrooney;;;;;;;;;;;;;HR;p7 tab5;
0;5;yes;ChildCancer;MyocInf;yes;0;;0,7;0,4;1,4;0,95;2009;Mulrooney;;;;;;;;;;;;;HR;p7 tab5;
5;15;yes;ChildCancer;MyocInf;yes;0;;0,6;0,1;2,5;0,95;2009;Mulrooney;;;;;;;;;;;;;HR;p7 tab5;
15;35;yes;ChildCancer;MyocInf;yes;0;;2,4;1,2;4,9;0,95;2009;Mulrooney;;;;;;;;;;;;;HR;p7 tab5;
35;Inf;yes;ChildCancer;MyocInf;yes;0;;3,6;1,9;6,9;0,95;2009;Mulrooney;;;;;;;;;;;;;HR;p7 tab5;
0;5;yes;ChildCancer;Pericard;yes;0;;0,7;0,4;1,1;0,95;2009;Mulrooney;;;;;;;;;;;;;HR;p7 tab5;
5;15;yes;ChildCancer;Pericard;yes;0;;1,9;0,9;3,9;0,95;2009;Mulrooney;;;;;;;;;;;;;HR;p7 tab5;
15;35;yes;ChildCancer;Pericard;yes;0;;2,2;1,3;3,9;0,95;2009;Mulrooney;;;;;;;;;;;;;HR;p7 tab5;
35;Inf;yes;ChildCancer;Pericard;yes;0;;4,8;2,8;8,3;0,95;2009;Mulrooney;;;;;;;;;;;;;HR;p7 tab5;
0;5;yes;ChildCancer;Valvular;yes;0;;0,6;0,4;1;0,95;2009;Mulrooney;;;;;;;;;;;;;HR;p7 tab5;
5;15;yes;ChildCancer;Valvular;yes;0;;1,4;0,7;2,9;0,95;2009;Mulrooney;;;;;;;;;;;;;HR;p7 tab5;
15;35;yes;ChildCancer;Valvular;yes;0;;3,3;2,1;5,1;0,95;2009;Mulrooney;;;;;;;;;;;;;HR;p7 tab5;
35;Inf;yes;ChildCancer;Valvular;yes;0;;5,5;3,5;8,6;0,95;2009;Mulrooney;;;;;;;;;;;;;HR;p7 tab5;
0;5;yes;ChildCancer;CardiacFail;yes;0;;0,45;0,12;1,68;0,95;2004;Pein;0,12;-0,05;0,29;;;;;;;;;;HR;p40 tab2, p43 tab6;
5;20;yes;ChildCancer;CardiacFail;yes;0;;2,52;0,96;6,6;0,95;2004;Pein;0,12;-0,05;0,29;;;;;;;;;;HR;p40 tab2, p43 tab6;
20;Inf;yes;ChildCancer;CardiacFail;yes;0;;5,65;1,45;22;0,95;2004;Pein;0,12;-0,05;0,29;;;;;;;;;;HR;p40 tab2, p43 tab6;
0;1;yes;ChildCancer;CVDMort;yes;0;;3;0,3;28;0,95;2010;Tukenova;0,6;0,2;2,5;;;;;;;;;;RR;p1312 tab3, p1313;
1;5;yes;ChildCancer;CVDMort;yes;0;;2,5;0,2;41,5;0,95;2010;Tukenova;0,6;0,2;2,5;;;;;;;;;;RR;p1312 tab3, p1313;
5;15;yes;ChildCancer;CVDMort;yes;0;;12,5;1,4;116,1;0,95;2010;Tukenova;0,6;0,2;2,5;;;;;;;;;;RR;p1312 tab3, p1313;
15;Inf;yes;ChildCancer;CVDMort;yes;0;;25,1;3;209,5;0,95;2010;Tukenova;0,6;0,2;2,5;;;;;;;;;;RR;p1312 tab3, p1313;
;;yes;ChildCancer;CongHeartFail;yes;;;;;;0,95;2012;vanderPal;0,144;0,023;0,264;;;;;;;;;;HR;p1435 fig2;
0;5;yes;Hodgkin;CoronaryHD;no;0;;1,14;0,62;2,1;0,95;2015;vanNimwegen;0,074;0,033;0,148;;;;;;;;;;OR;p236, p238 tab2;
5;15;yes;Hodgkin;CoronaryHD;no;0;;2,14;1,28;3,58;0,95;2015;vanNimwegen;0,074;0,033;0,148;;;;;;;;;;OR;p236, p238 tab2;
15;20;yes;Hodgkin;CoronaryHD;no;0;;2,76;2,1;3,59;0,95;2015;vanNimwegen;0,074;0,033;0,148;;;;;;;;;;OR;p236, p238 tab2;
20;25;yes;Hodgkin;CoronaryHD;no;0;;2,79;2,23;3,49;0,95;2015;vanNimwegen;0,074;0,033;0,148;;;;;;;;;;OR;p236, p238 tab2;
25;35;yes;Hodgkin;CoronaryHD;no;0;;3,21;2,52;4,09;0,95;2015;vanNimwegen;0,074;0,033;0,148;;;;;;;;;;OR;p236, p238 tab2;
35;45;yes;Hodgkin;CoronaryHD;no;0;;2,54;0,96;6,69;0,95;2015;vanNimwegen;0,074;0,033;0,148;;;;;;;;;;OR;p236, p238 tab2;
0;0,15;yes;Tuberculosis;Ischaemic;no;0;0,06;1,35;0,92;1,97;0,95;2014;Zablotska;0,176;0,011;0,393;;;;;;;;;;RR;p125 tab4, tab5;dose-fractionation adjusted
0,15;0,5;yes;Tuberculosis;Ischaemic;no;0;0,32;1,33;0,91;1,93;0,95;2014;Zablotska;0,176;0,011;0,393;;;;;;;;;;RR;p125 tab4, tab5;dose-fractionation adjusted
0,5;1;yes;Tuberculosis;Ischaemic;no;0;0,74;1,23;0,84;1,82;0,95;2014;Zablotska;0,176;0,011;0,393;;;;;;;;;;RR;p125 tab4, tab5;dose-fractionation adjusted
1;11,6;yes;Tuberculosis;Ischaemic;no;0;2,4;1,2;0,81;1,76;0,95;2014;Zablotska;0,176;0,011;0,393;;;;;;;;;;RR;p125 tab4, tab5;dose-fractionation adjusted
;;yes;PepticUlcer;Stroke;no;0;1,67;1,28;0,87;1,85;0,95;2012;Little;0,028;-0,085;0,186;;;;;;;;;;RR;p12 tab3;
;;yes;PepticUlcer;Stroke;no;0;2,3;1,18;0,73;1,85;0,95;2012;Little;0,028;-0,085;0,186;;;;;;;;;;RR;p12 tab3;
;;yes;PepticUlcer;Stroke;no;0;2,75;1,3;0,77;2;0,95;2012;Little;0,028;-0,085;0,186;;;;;;;;;;RR;p12 tab3;
;;yes;PepticUlcer;Stroke;no;0;3,66;0,88;0,48;1,55;0,95;2012;Little;0,028;-0,085;0,186;;;;;;;;;;RR;p12 tab3;
